nom des bénéficiaires,Montant du fonds de concours ou de la subvention (numéraire),Prestations en nature
100 PROPOS SANS REPONSE,760.00,
1001 JEUNES BORDELAIS,0.00,Matériel pour manifestations
2A - ATELIERS ARTISTIQUES,0.00,Locaux
2MOIZAILES,500.00,
5UN7,"2,000.00",
60 000 REBONDS,"1,800.00",
9EME TEMPS,"1,600.00",
A FOND TU PEUX !,0.00,Matériel pour manifestations
A PART CA TOUT VA BIEN,0.00,Locaux
A PART ENTIERE,700.00,Matériel pour manifestations
A TRAVERS CHANT,0.00,Locaux
A.A.O (AM ANGEGEBENEM ORT),"2,000.00",
A2RUNNING,0.00,Locaux
ABALONE CHASSE BORDEAUX - ACB,0.00,"Equipements sportifs, locaux"
ABEILLES BORDELAISES,0.00,Locaux
ABICE,0.00,Matériel pour manifestations
ACADEMIE BUSHIKAI KARATE DO,0.00,Equipements sportifs
"ACADEMIE DES SCIENCES, BELLES LETTRES ET ARTS DE BORDEAUX","7,600.00",Locaux
ACADEMIE YOUNUS ,"22,016.00","Matériel pour manifestations, équipements sportifs,"
ACARBO,0.00,Equipements sportifs
ACCOMPAGNEMENT ET RECHERCHE PSYCHO-SOCIO EDUCATIFS POUR LES JEUNES (ARPEJE),0.00,Locaux
ACCOMPAGNEMENT PSYCHOLOGIQUE ET MEDIATION INTERCULTURELLE - AMI,"7,000.00",Locaux
ACCOMPAGNEMENT RECHERCHE PSYCHO EDUCATIFS POUR LES JEUNES,"1,500.00",
ACCOMPAGNER CONDUIRE TRANSMETTRE - ACT,300.00,Locaux
ACCORDERIE BORDEAUX,"6,180.00",Locaux
ACEPP 33/47 - ASSOCIATION DES COLLECTIFS ENFANTS PARENTS PROFESSIONNELS 33/47,0.00,Matériel pour manifestations
"ACIDD, ASSOCIATION COMMUNICATION ET INFORMATION POUR LE DEVELOPPEMENT DURABLE","10,000.00",Locaux
ACINQBYS_ESPACE 29 A5BIS,"20,000.00",
ACTA GIRONDE - AGIR CONTRE LA TORTURE DES ANIMAUX,0.00,Locaux
ACTIFS 33,"2,400.00",
ACTIMAGE,"29,000.00",Locaux
ACTION INTERNATIONALE POUR LA PAIX ET LE DEVELOPPEMENT (AIPD),0.00,Locaux
ACTION JAZZ,"10,738.00","Matériel pour manifestations, locaux"
ACTIV'ACTION,0.00,Locaux
AD HOC : ASSOCIATION DES DOCTORANTS EN DROIT DE L'UNIVERSITE DE BORDEAUX,0.00,Locaux
ADDAH 33,500.00,
ADORA - ASS. DEVELOPPEMENT ET ACCOMPAGNEMENT AQUITAINE ORIENTATION PERS. ET PROF. TOUT AU LONG VIE,"8,000.00",Locaux
AEP SAINT GABRIEL,800.00,
AES,0.00,Locaux
AFRICAFRANCE,"1,500.00",
AGENCE D'URBANISME BORDEAUX METROPOLE AQUITAINE (A'URBA),"60,000.00",
AGENCE LOCALE DE L'ENERGIE ET DU CLIMAT - ALEC,0.00,Locaux
AGIR POUR UN COMMERCE EQUITABLE ET SOLIDAIRE EN AQUITAINE - ACESA,500.00,
AGORA DES ARTS,"1,500.00","Matériel pour manifestations, locaux"
AIDE AUX AIDANTS DU PAVILLON,"2,000.00",
AIDE AUX MINEURS DEFAVORISES - AAMD,0.00,Locaux
AIDE AUX PARENTS D'ENFANTS SOUFFRANT DU SYNDROME DE L'ANTI-CONVULSIVANT (APESAC),0.00,Locaux
AIDES AQUITAINE,"2,000.00",
AIDOMI,0.00,Locaux
AIGUILLES ET CALAME,0.00,Locaux
AIKIDO BORDEAUX BASTIDE,0.00,Equipements sportifs
AIM ACTIONS INTER MEDIATION,"25,000.00",
AIR 3 (AIR CUBE),0.00,Locaux
AIR ROLLER (ATTENTION INERTIE RENOUVELABLE),"9,000.00","Equipements sportifs, locaux"
AKELIO ACCOMPAGNEMENT (RESEAU JEUNESSE OUTRE MER),0.00,Locaux
ALCHIMYSTIK EVENTS,550.00,
ALGERIENS DE L'AQUITAINE,0.00,Locaux
"ALLIANCE DEPARTEMENT 33, JUSQU'AU BOUT ACCOMPAGNER LA VIE...","5,000.00","Matériel pour manifestations, locaux"
ALLO AMIANTE,0.00,Matériel pour manifestations
ALPHONSE,0.00,Matériel pour manifestations
ALTAIR (ASSOCIATION LES TERRITOIRES DE L'ART DE L'INDIVIDU DE LA RELATION),"1,000.00",
ALTERNATIVE URBAINE DE BORDEAUX,"2,000.00",
AMADEUS,"1,000.00",
AMICALE BORDELAISE TRACTION AVANT CITROEN,0.00,Locaux
AMICALE DE MADAGASCAR (AM),0.00,Locaux
AMICALE DES ANCIENS DE LA LEGION ETRANGERE,"1,000.00",
AMICALE DES ANCIENS DE MARIE-BRIZARD - AAMB,0.00,Locaux
AMICALE DES ANCIENS DES TROUPES DE MARINE DE BORDEAUX ET D'AQUITAINE,500.00,
AMICALE DES ANCIENS GUERILLEROS ESPAGNOLS EN FRANCE-FFI - SECTION DE LA GIRONDE,0.00,Locaux
AMICALE DES AVEYRONNAIS DE BORDEAUX ET GIRONDE,0.00,Locaux
AMICALE DES ETABLISSEMENTS SCOLAIRES LAIQUES DE BACALAN - ALB,"88,869.00","Matériel pour manifestations, équipements sportifs,"
AMICALE DES IVOIRIENS VIVANT EN GIRONDE AKWABA,0.00,Locaux
AMICALE DES LOCATAIRES DU PORT DE LA LUNE,"6,500.00",
AMICALE DES PARACHUTISTES DU SUD-OUEST,300.00,
AMICALE DES PARENTS D'ELEVES DE L'ECOLE STEHELIN,"8,605.00",
AMICALE DES RETRAITES U.G.R.R. - I.S.I.C.A. DE BORDEAUX,0.00,Locaux
AMICALE DES SAPEURS POMPIERS DU SECTEUR D'INTERVENTION DE BORDEAUX METROPOLE,0.00,Matériel pour manifestations
AMICALE DU PATRONAGE LAIQUE ET DU CONSEIL DE PARENTS D'ELEVES DU GROUPE SCOLAIRE NUYENS,0.00,Matériel pour manifestations
AMICALE LAIQUE BORDEAUX BENAUGE,"1,759.00",
AMICALE LAIQUE BORDEAUX CENTRE,"2,500.00","Equipements sportifs, locaux"
AMICALE LAIQUE DAVID JOHNSTON LAGRANGE ALBERT BARRAUD NAUJAC,"389,346.00",
AMICALE LAIQUE DU GROUPE SCOLAIRE LEONARD-LENOIR - MONTAUD - NUITS,0.00,Equipements sportifs
AMIS D'ARS ET FIDES BORDEAUX,"2,000.00","Matériel pour manifestations, locaux"
AMIS DE L'HOTEL DE LALANDE,"2,434.58",
AMIS DE L'ORCHESTRE D'HARMONIE DE BORDEAUX,"4,000.00",
AMIS DU CAPC MUSEE,0.00,Matériel pour manifestations
AMIS DU SCOUTISME EUROPEEN DE GIRONDE,"2,250.00",
"AMITIE MULTICULTURELLE INTEGRATION SOCIO-ECONOMIQUE, PROMOTION, ANIMATION, DEVELOPPEMENT (AMISPAD)",0.00,Locaux
AMITIES FRANCAISES,0.00,Locaux
AMITIES GENEALOGIQUES BORDELAISES,0.00,Locaux
AMNESTY INTERNATIONAL GROUPE 234 DE BORDEAUX CENTRE,0.00,Locaux
AMOS,"15,000.00",
ANCIENS BASTIDIENS-CLUB,0.00,Locaux
ANIMATIONS VILLAGE SAINT-SEURIN,0.00,"Matériel pour manifestations, locaux"
ANPAA - ASSOCIATION NATIONALE DE PREVENTION EN ALCOOLOGIE ET EN ADDICTOLOGIE,"10,000.00",Locaux
ANTROPOLOGIA,0.00,Locaux
APA SANTE NUTRITION,"1,512.00",
APEL ASSOMPTION SAINTE CLOTIDE,700.00,
APNEE 33,0.00,Equipements sportifs
APOSTROPHE Z,"1,200.00",Locaux
APPEL DES CENT POUR LA PAIX COLLECTIF BORDELAIS,0.00,"Matériel pour manifestations, locaux"
APPRENDRE AVEC MONTESSORI AUJOURD'HUI,0.00,Locaux
APPRENTISSA'JEU,"1,000.00",
APSARAS,"8,000.00",
AQUATIC BORDEAUX CAUDERAN CLUB - AB2C,0.00,"Equipements sportifs, locaux"
AQUINUM - ASSOCIATION DES PROFESSIONNELS DU NUMERIQUE EN AQUITAINE,"21,000.00",
AQUITAINE ACTIVE,"7,500.00",Locaux
AQUITAINE AFRIQUE INITIATIVES (AQAFI),0.00,Locaux
AQUITAINE ARTISTIQUE ANIMATION,0.00,Matériel pour manifestations
AQUITAINE CULTURE,"1,000.00",
AQUITAINE PARTAGE,"2,500.00",Matériel pour manifestations
AQUITAINE SPORT POUR TOUS,0.00,Matériel pour manifestations
AQUITEC,"9,000.00",Matériel pour manifestations
ARC EN REVE,"481,688.00","Communication, matériel pour manifestations, locaux"
ARC'ANGECIEL VOYAGES,0.00,Locaux
ARCH-EVENT,0.00,Matériel pour manifestations
ARCHIMUSE - BORDEAUX,800.00,"Matériel pour manifestations, locaux"
ARCHITECTURE ET MAITRE D'OUVRAGES AQUITAINE - AMO AQUITAINE,0.00,Locaux
ARELABOR,0.00,Locaux
ART DN,0.00,"Matériel pour manifestations, locaux"
ART EN ACTION - TIC-TAC THEATRE,0.00,Locaux
ART ET TECHNIQUES MIXTES,0.00,Locaux
ART PASTEL,0.00,Matériel pour manifestations
ART+ENTREPRISE/ARRET SUR L'IMAGE GALERIE,"6,000.00",
ARTAMBUL,0.00,Matériel pour manifestations
ARTELI,"3,000.00",
ARTELIERS - ASSO REGION. TRAVAIL EXPRESSION LIBRE INADAPTES POUR EPANOUISSEMENT RECONNAISS. SOCIALE,0.00,"Matériel pour manifestations, locaux"
ARTIMAGE,0.00,Locaux
ARTISANS DU MONDE BORDEAUX,0.00,"Matériel pour manifestations, locaux"
ARTQUIPAGE,0.00,Matériel pour manifestations
ARTS ET COMMUNICATION DU MONDE - ACM,0.00,"Matériel pour manifestations, locaux"
ARTS ET LETTRES DE FRANCE ASSOCIATION CULTURELLE INTERNATIONALE,0.00,"Matériel pour manifestations, locaux"
ARTS ET SCIENCES,0.00,Locaux
ARTS MARTIAUX ET BIEN ETRE,0.00,Equipements sportifs
ARTS MARTIAUX SHAOLIN BORDEAUX,700.00,Equipements sportifs
ARTS MARTIAUX TRADITIONNELS BORDELAIS,0.00,Equipements sportifs
ARTYCHAUDS,0.00,Locaux
ASC BNP PARIBAS BX TT,0.00,Equipements sportifs
ASOBU ASSOCIATION (ASOBU),0.00,Locaux
ASPER 33,0.00,Locaux
ASS-TECH (ASSOCIATION DES ETUDIANTS DE TECHNIQUES DU DEVELOPPEMENT),"1,410.00",Locaux
ASSIETTE EN TRANSITION,300.00,"Matériel pour manifestations, locaux"
ASSO GAMBETTA,"1,728.00",Communication
ASSO GENERALE INTERVENANTS RETRAITES POUR ACTIONS BENEVOLES COOPERATION ET DEVELOPPEMENT - AGIRabcd,0.00,Locaux
ASSO PARENTS ELEVES ENSEIGNEMENT LIBRE SAINT-MICHEL/SAINT-GENES (APEL SAINT-MICHEL/SAINT-GENES),0.00,Locaux
ASSOCIATION 2C.SPORTS,0.00,Equipements sportifs
ASSOCIATION ACCORDS LIBRES,0.00,Matériel pour manifestations
ASSOCIATION ALBERT BARRAUD,"1,000.00",
ASSOCIATION ALCHIMIST,"16,000.00",Matériel pour manifestations
ASSOCIATION AUDITEURS INSTITUT HAUTES ETUDES DE DEFENSE NATIONALE REGION AQUITAINE - AQUI IHEDN,800.00,Locaux
ASSOCIATION AUTONOME DES PARENTS D'ELEVES DE BORDEAUX : ECOLES JEAN COCTEAU,"2,500.00",
ASSOCIATION BI-IZARRAK (LES DEUX ETOILES),0.00,Locaux
ASSOCIATION BORDEAUX - USA,0.00,Matériel pour manifestations
ASSOCIATION BORDEAUX CULTURE GRAPPLING (ABC GRAPPLING),0.00,Equipements sportifs
ASSOCIATION BORDEAUX GAMES,"3,220.00",
ASSOCIATION BORDEAUX-COMPOSTELLE HOSPITALITE SAINT-JACQUES,"3,000.00",Locaux
ASSOCIATION BORDEAUX-TANESSE,500.00,
ASSOCIATION BORDELAISE DE TAEKWONDO INTERNATIONAL ATLANTICA,0.00,Equipements sportifs
ASSOCIATION BRINS D'EVEIL,"532,800.00",
ASSOCIATION BULGARE CULTURELLE - ABC,0.00,Locaux
ASSOCIATION CLUB AMBASSADORS DE LA TRUFFE,0.00,Matériel pour manifestations
ASSOCIATION COEXISTER,0.00,Locaux
ASSOCIATION COMUNIDAD,0.00,Locaux
ASSOCIATION CONTRE LA TUBERCULOSE ET LES MALADIES ENDEMIQUES - ACTUME,0.00,Locaux
ASSOCIATION COOPERATIVE DES ETUDIANTS EN PHARMACIE DE BORDEAUX - ACEPB,0.00,Matériel pour manifestations
ASSOCIATION CREMATISTE DE LA GIRONDE,0.00,Matériel pour manifestations
ASSOCIATION CULTURE ET MUSIQUE DE L'ESTUAIRE,0.00,Locaux
ASSOCIATION CULTURELLE ARMENIENNE DE BORDEAUX AQUITAINE,0.00,Matériel pour manifestations
ASSOCIATION CULTURELLE DES ALEVIS DE GIRONDE,0.00,Locaux
ASSOCIATION CULTURELLE DES ELEVES DU LYCEE MONTESQUIEU - ACELM,0.00,Locaux
ASSOCIATION CULTURELLE DES KABYLES DE BORDEAUX (ACKB),0.00,"Matériel pour manifestations, locaux"
ASSOCIATION CULTURELLE DU MARCHE DES CHARTRONS,"8,800.00","Matériel pour manifestations, locaux"
ASSOCIATION CULTURELLE ET TRADITIONNELLE DE GIRONDE - ACT 33,"2,700.00","Matériel pour manifestations, locaux"
ASSOCIATION D'AMITIE FRANCO-VIETNAMIENNE (AAFV),0.00,Locaux
"ASSOCIATION DANSE, ANIMATION DE LA GIRONDE - ADAGE",0.00,Matériel pour manifestations
ASSOCIATION DAVID ET JONATHAN,0.00,Locaux
ASSOCIATION DE CARDIOLOGIE D'AQUITAINE,0.00,Matériel pour manifestations
ASSOCIATION DE DEFENSE DES INTERETS DU QUARTIER DE BACALAN - ADIQ,300.00,Locaux
ASSOCIATION DE DEFENSE DES MUSIQUES ALTERNATIVES EN AQUITAINE - ADMAA (ALLEZ LES FILLES),"35,374.00","Communication, matériel pour manifestations"
ASSOCIATION DE DEFENSE DES RESIDENTS DE LA GALERIE (ADREGA),0.00,Locaux
ASSOCIATION DE DEVELOPPEMENT NATUREL (ADN),0.00,Locaux
ASSOCIATION DE FAMILLES DE TRAUMATISES CRANIENS AVENIR - AFTC AVENIR,0.00,"Matériel pour manifestations, locaux"
ASSOCIATION DE GESTION ET D'ANIMATION DES CRECHES C.S.F. (AGEAC/CSF),"522,000.00",
ASSOCIATION DE L'ECOLE COREENNE DE BORDEAUX - AECB,0.00,Locaux
ASSOCIATION DE L'ENSEIGNEMENT CATHOLIQUE DE GIRONDE,0.00,Locaux
ASSOCIATION DE LA FONDATION ETUDIANTE POUR LA VILLE - AFEV,0.00,Locaux
ASSOCIATION DE LA RUE NOTRE DAME DES CHARTRONS,"1,000.00","Matériel pour manifestations, locaux"
ASSOCIATION DE PREFIGURATION D'UNE PLATEFORME D'AQUITAINE POUR LE COMMERCE EQUITABLE (LA PLACE),0.00,"Matériel pour manifestations, locaux"
ASSOCIATION DE RECHERCHE CLINIQUE SUR L'ADOLESCENCE -ARCAD-,0.00,Locaux
ASSOCIATION DE RIVERAINS BAST-ID,0.00,"Matériel pour manifestations, locaux"
ASSOCIATION DE SOLIDARITE AVEC TOUS LES IMMIGRES - BORDEAUX (ASTI BORDEAUX),"5,000.00",Locaux
ASSOCIATION DE SOPHROLOGIE EXISTENTIELLE DE BORDEAUX (ASEB),0.00,Locaux
ASSOCIATION DE SOUTIEN AUX INVENTIONS LIBRES (ASIL),"4,000.00","Matériel pour manifestations, locaux"
"ASSOCIATION DE SPORTS, DE CULTURE ET D'ENTRAIDE DE LA GIRONDE",0.00,Equipements sportifs
ASSOCIATION DECOUVERTE VACANCES EQUILIBRE,0.00,Locaux
ASSOCIATION DEPARTEMENTALE APAJH DE LA GIRONDE,0.00,Locaux
ASSOCIATION DEPARTEMENTALE DE L'OFFICE CENTRAL DE LA COOPERATION A L'ECOLE DE LA GIRONDE - AD-OCCE,400.00,Locaux
ASSOCIATION DEPARTEMENTALE DES ANCIENS COMBATTANTS ET AMIS DE L'INDOCHINE,0.00,Locaux
ASSOCIATION DEPARTEMENTALE DES PARENTS D'ELEVES DE L'ENSEIGNEMENT PUBLIC DE LA GIRONDE - PEEP AD 33,0.00,Locaux
ASSOCIATION DEPARTEMENTALE DES PUPILLES DE L’ENSEIGNEMENT PUBLIC DE LA GIRONDE - PEP 33,0.00,Locaux
ASSOCIATION DEPARTEMENTALE POUR INFORMATION AU LOGEMENT 33 - ADIL33,"3,030.00",
ASSOCIATION DES AMIS D'ELIANE LAVAIL,0.00,Locaux
ASSOCIATION DES BROCANTEURS DES CHARTRONS - ABC,"6,782.00",Matériel pour manifestations
ASSOCIATION DES CENTRES D'ANIMATION DE QUARTIERS DE BORDEAUX - ACAQB,"8,035,091.00","Communication, matériel pour manifestations,"
ASSOCIATION DES CITES DU SECOURS CATHOLIQUE - DELEGATION BORDEAUX,0.00,Locaux
"ASSOCIATION DES COMMERCANTS ""BARRIERE DE PESSAC"" BORDEAUX-TALENCE","4,400.00",
ASSOCIATION DES COMMERCANTS DE CAUDERAN SAINT-AMAND,"10,100.00",Matériel pour manifestations
ASSOCIATION DES COMMERCANTS DE LA BARRIERE JUDAIQUE,"4,880.00",Matériel pour manifestations
ASSOCIATION DES COMMERCANTS DE LA RUE DES REMPARTS,"3,750.00",
ASSOCIATION DES COMMERCANTS DE LA RUE JJ ROUSSEAU,0.00,
ASSOCIATION DES COMMERCANTS DE LA RUE SAINT-SERNIN,450.00,
ASSOCIATION DES COMMERCANTS DE SAINT-AUGUSTIN,"7,601.00","Matériel pour manifestations, locaux"
ASSOCIATION DES COMMERCANTS DU CENTRE COMMERCIAL MERIADECK,"4,400.00",
ASSOCIATION DES COMMERCANTS DU GRAND PARC,"9,000.00",Matériel pour manifestations
ASSOCIATION DES COMMERCANTS ET ARTISANS DU QUARTIER SAINT MICHEL,"4,500.00",Matériel pour manifestations
ASSOCIATION DES COMMERCANTS ET ARTISANS LES BERGES DU LAC,"4,000.00",Matériel pour manifestations
ASSOCIATION DES COMMERCANTS ET RIVERAINS DU QUARTIER VICTOIRE,"11,000.00",Matériel pour manifestations
ASSOCIATION DES COMMERCANTS ORNANO - GAVINIES - ST VICTOR,"3,500.00",Matériel pour manifestations
ASSOCIATION DES COMMERCANTS RUE VOLTAIRE,"2,670.00",
ASSOCIATION DES COREENS DE BORDEAUX (ACB),0.00,"Matériel pour manifestations, locaux"
ASSOCIATION DES DAMES DU CALVAIRE DE BORDEAUX - MAISON DE SANTE MARIE GALENE,0.00,Matériel pour manifestations
ASSOCIATION DES DOCKERS ET DES TRAVAILLEURS PORTUAIRES VICTIMES DE L'AMIANTE DU PORT DE BORDEAUX,0.00,Locaux
ASSOCIATION DES DONNEURS DE VOIX,"1,000.00",Locaux
ASSOCIATION DES ECLAIREUSES ET ECLAIREURS DE FRANCE - REGION AQUITAINE,"2,500.00",
ASSOCIATION DES ELEVES-AVOCATS ALIENOR 2017 (ADEAA 2017),0.00,Locaux
ASSOCIATION DES ETUDIANTS ET RESSORTISSANTS MAURITANIENS DE GIRONDE (AERMG),0.00,Locaux
ASSOCIATION DES ETUDIANTS REUNIONNAIS A BORDEAUX - AERB,0.00,Locaux
ASSOCIATION DES EXPLOITANTS QUAI DES MARQUES BORDEAUX,"4,400.00",Matériel pour manifestations
ASSOCIATION DES GUIDES INTERPRETES ET CONFERENCIER D'AQUITAINE - AGICA,0.00,Locaux
ASSOCIATION DES LOCATAIRES SEM-LM,0.00,Locaux
ASSOCIATION DES MEDECINS RETRAITES ET DES VEUVES ALLOCATAIRES DE LA CARMF DITE AMEREVE AQUITAINE,0.00,Locaux
ASSOCIATION DES MUSULMANS DE LA GIRONDE,0.00,Locaux
ASSOCIATION DES OEUVRES GIRONDINES DE PROTECTION DE L'ENFANCE,0.00,Locaux
ASSOCIATION DES OFFICIERS ET CADRES DE RESERVE DE BORDEAUX GIRONDE,0.00,Locaux
ASSOCIATION DES PARALYSES DE FRANCE - APF,"3,200.00",Matériel pour manifestations
ASSOCIATION DES PARENTS ET FUTURS PARENTS GAYS ET LESBIENS APGL,0.00,Locaux
ASSOCIATION DES PIEGEURS DE LA PRESQU'ILE D'AMBES,0.00,Matériel pour manifestations
ASSOCIATION DES PRODUCTEURS DE GRAVES DE VAYRES,0.00,Matériel pour manifestations
ASSOCIATION DES PROFESSIONNELS AQUITAINS DE LA COMMUNICATION (APACOM),0.00,Locaux
ASSOCIATION DES PSYCHOMOTRICIENS DE LA GIRONDE,0.00,Locaux
ASSOCIATION DES RETRAITES IRSEA D'AQUITAINE (ARIA),0.00,"Matériel pour manifestations, locaux"
ASSOCIATION DES RIVERAINS DE L'IMPASSE GOURDIN,"1,000.00",Locaux
ASSOCIATION DES RIVERAINS DU QUARTIER ORNANO-GAVINIES,"1,000.00",Matériel pour manifestations
ASSOCIATION DES RIVERAINS DU QUARTIER SAINT GENES,0.00,Matériel pour manifestations
ASSOCIATION DORSA BARLOW,"7,000.00",
ASSOCIATION DU COMITE DES OEUVRES SOCIALES DES MUNICIPAUX DE BORDEAUX - ACOSMB,"380,000.00",
ASSOCIATION DU FLOCON A LA VAGUE,0.00,Matériel pour manifestations
ASSOCIATION DU LIEN INTERCULTUREL FAMILIAL ET SOCIAL - ALIFS,"28,500.00",Locaux
ASSOCIATION DU PARC D'ACTIVITE DE BORDEAUX NORD,"2,800.00",
ASSOCIATION DU PATRIMOINE ISRAELITE D'AQUITAINE,"5,000.00",
ASSOCIATION DU PERSONNEL DE L'OPERA NATIONAL DE BORDEAUX,0.00,Equipements sportifs
ASSOCIATION DU SOUVENIR DES FUSILLES DE SOUGE,0.00,Matériel pour manifestations
ASSOCIATION EDUCATIVE D'INSERTION SOCIALE (AEIS),0.00,Equipements sportifs
ASSOCIATION EKOLO[GEEK],"1,400.00",
ASSOCIATION ELEVES INGENIEURS ARTS METIERS PARIS-TECH CENTRE REGIONAL BORDEAUX TALENCE - AE ENSAM,0.00,Matériel pour manifestations
ASSOCIATION EMMAUS AQUITAINE BORDEAUX FONDATEUR ABBE PIERRE,"7,000.00",Locaux
ASSOCIATION ESPACE 33,"1,500.00",
ASSOCIATION ETUDIANTE CULTURELLE BOIS DE ROSE,0.00,Locaux
ASSOCIATION FAIS ET REVE,"1,100.00",
ASSOCIATION FAMILIALE LAIQUE BASTIDE,"3,000.00",
ASSOCIATION FAMILIALE LAIQUE DE BORDEAUX NORD - AFL,"26,600.00",Locaux
ASSOCIATION FRANCAISE CONTRE LES MYOPATHIES - AFM,0.00,Communication
ASSOCIATION FRANCAISE DE L'ECLAIRAGE - CENTRE REGIONAL SUD-OUEST ATLANTIQUE,0.00,Matériel pour manifestations
ASSOCIATION FRANCAISE DE PERSONNES SOUFFRANT DE TROUBLES OBSESSIONNELS COMPULSIFS AFTOC,0.00,Locaux
ASSOCIATION FRANCAISE DES JURISTES D'ENTREPRISE - AFJE,0.00,Locaux
ASSOCIATION FRANCAISE DES MALADES DE LA THYROIDE,0.00,Locaux
ASSOCIATION FRANCO-BRESILIENNE POUR LA RECHERCHE DE L'EQUILIBRE - AFBRE,0.00,Equipements sportifs
ASSOCIATION FRANCO-KURDE,0.00,Equipements sportifs
ASSOCIATION FRANCO-TCHEQUE D'AQUITAINE,0.00,Matériel pour manifestations
"ASSOCIATION FRANCO-VIETNAMIENNE, BORDEAUX-AQUITAINE","2,000.00",Locaux
ASSOCIATION FRANCOIS AUPETIT,0.00,Locaux
ASSOCIATION FRERES DES HOMMES,0.00,Locaux
ASSOCIATION GENERALE DES ENSEIGNANTS DES ECOLES ET CLASSES MATERNELLES PUBLIQUES,0.00,Locaux
ASSOCIATION GENERALE DES LOCATAIRES,0.00,Locaux
ASSOCIATION GENERATION DUPATY,"10,623.00",Equipements sportifs
ASSOCIATION GESTION CENTRES PSYCHANALYTIQUES DE CONSULTATIONS ET DE TRAITEMENT (CPCT) D'AQUITAINE,"3,000.00",Locaux
ASSOCIATION GIRONDINE D'EDUCATION SPECIALISEE ET DE PREVENTION SOCIALE - AGEP,"45,000.00",Locaux
ASSOCIATION GIRONDINE DES ACTIVITES PROTEGEES - SPORT - LOISIRS (AGAP - SPORT - LOISIRS),0.00,Equipements sportifs
ASSOCIATION GIRONDINE DES INFIRMES MOTEURS CEREBRAUX - AGIMC,0.00,Locaux
ASSOCIATION GIRONDINE POUR L'AGRICULTURE PAYSANE (AGAP),0.00,Locaux
ASSOCIATION GOLF D'ENTREPRISES INTER-ENTREPRISES GOLF DE BORDEAUX - IEGB,0.00,Locaux
ASSOCIATION HABILITEE DES JEUNES SAPEURS POMPIERS DE LA BENAUGE,"1,500.00",
ASSOCIATION HORIZON CAUDERAN,0.00,Matériel pour manifestations
ASSOCIATION INDEPENDANTE DE PARENTS D'ELEVES DU GROUPE SCOLAIRE FLORNOY,0.00,Locaux
"ASSOCIATION INTERNATIONALE POUR LA CULTURE, LE DEVELOPPEMENT ET LA PAIX (AICDP)",0.00,Locaux
ASSOCIATION JEUNESSE FUTSAL (AJF),0.00,Equipements sportifs
ASSOCIATION JUDAIQUE ST SEURIN,"4,400.00",
ASSOCIATION LA COCCINELLE,"180,000.00",
ASSOCIATION LABA-JOUR,"3,600.00",Matériel pour manifestations
ASSOCIATION LAIQUE DU PRADO (ALP),"55,000.00",Locaux
ASSOCIATION LE MERLE MOQUEUR,0.00,"Matériel pour manifestations, locaux"
ASSOCIATION LE VILLAGE BORDEAUX SUD,"1,600.00",Matériel pour manifestations
ASSOCIATION LEA - UNIVERSITE BORDEAUX MONTAIGNE,0.00,Locaux
ASSOCIATION LES CREANTS,0.00,Locaux
ASSOCIATION LES Z ARPETES,"3,000.00",
ASSOCIATION LYCHORE,0.00,Locaux
ASSOCIATION LYONNAISE PREVOYANCE DES TRAVAILLEURS INDEPENDANTS DES ISOLES ET DES SALARIES - ALPTIS,0.00,Locaux
ASSOCIATION MALADIE CHRONIQUE SPORT BIEN ETRE,"1,000.00",
ASSOCIATION MALINE,0.00,Locaux
ASSOCIATION MARIE DE LUZE,0.00,Locaux
ASSOCIATION MEMBRES DE LA LEGION D'HONNEUR DECORES AU PERIL DE LEUR VIE SECTION AQUITAINE OUEST,500.00,
ASSOCIATION MUSICALARUE,0.00,Matériel pour manifestations
ASSOCIATION MUSICALE ORCHESTRE JEAN-CLAUDE FRANCOIS,"1,700.00",
ASSOCIATION NATIONALE DES AMIS DE JEAN MOULIN,"1,500.00",Locaux
ASSOCIATION NATIONALE DES HOSPITALIERS RETRAITES,0.00,Locaux
ASSOCIATION NATIONALE DES JEUNES ENTREPRENEURS D AQUITAINE,"3,000.00",
ASSOCIATION NATIONALE DES PUERICULTRICES DIPLOMEES ET DES ETUDIANTES - ANPDE,0.00,Locaux
"ASSOCIATION NATIONALE DES RETRAITES DE LA POSTE, DE FRANCE TELECOM ET DE LEURS FILIALES ANR",0.00,Locaux
ASSOCIATION NATIONALE DES VISITEURS DE PRISON - ANVP,300.00,
ASSOCIATION NATIONALE LE REFUGE,"3,000.00",Locaux
ASSOCIATION NATIONALE MEMBRES ORDRE NATIONAL DU MERITE - SECTION DEPARTEMENTALE DE LA GIRONDE,0.00,Locaux
ASSOCIATION NATIONALE POUR LES ENFANTS INTELLECTUELLEMENT PRECOCES DE L'AQUITAINE - ANPEIP,0.00,Locaux
ASSOCIATION NATIONALE VILLES ET PAYS ART ET HISTOIRE ET DES VILLES SECTEURS SAUVEGARDES ET PROTEGES,0.00,Locaux
ASSOCIATION NOUVELLE ACROPOLE BORDEAUX - ANAB,0.00,Locaux
ASSOCIATION OSTEOPATHE ET PERINATALITE,0.00,Locaux
ASSOCIATION OXYGENE,"3,000.00","Matériel pour manifestations, locaux"
ASSOCIATION PALLIA PLUS,"2,500.00",Locaux
ASSOCIATION PAROLE BEGAIEMENT - APB - DELEGATION DEPARTEMENTALE,0.00,Locaux
ASSOCIATION PATRONAGE ECOLES LAIQUES ST BRUNO,"1,000.00",
ASSOCIATION PEDAGOGIQUE DE L'ECOLE BEL AIR - APEBA,336.00,
ASSOCIATION PETITE ENFANCE ENFANCE ET FAMILLE - APEEF,"1,691,826.00",Locaux
ASSOCIATION PETITS BOUCHONS,"310,000.00",
ASSOCIATION PITCHOUN,"1,815,900.00",Locaux
ASSOCIATION POUR L'ANIMATION ET LES LOISIRS DES PERSONNES AGEES - APALPA,"1,000.00",Matériel pour manifestations
ASSOCIATION POUR L'ENTRAIDE CONTRE LA RECHUTE DE DEPRESSION - AERD,0.00,Locaux
ASSOCIATION POUR L'ETUDE ET LA PREVENTION DU SUICIDE EN AQUITAINE,"2,000.00",
ASSOCIATION POUR L'INNOVATION EN MATIERE D'INTEGRATION - APIMI,"380,000.00",Locaux
ASSOCIATION POUR LA DEFENSE DE LA FAMILLE ET DE L'INDIVIDU (ADFI),0.00,Locaux
ASSOCIATION POUR LA FORMATION ET L'EDUCATION PERMANENTE DE TIVOLI - AFEPT,0.00,Locaux
"ASSOCIATION POUR LA JEUNESSE, LES INITIATIVES ET LE RESEAU DE L'ENGAGEMENT - AJIRE","1,500.00",
ASSOCIATION POUR LA MEDIATION FAMILIALE - APMF,0.00,Locaux
ASSOCIATION POUR LA PREVENTION DU HANDICAP DU AUX TROUBLES DU SOMMEIL ET DE LA VIGILANCE (UP2SV),0.00,Locaux
ASSOCIATION POUR LA READAPTATION ET L'INTEGRATION - ARI,0.00,"Equipements sportifs, locaux"
ASSOCIATION POUR LA RECHERCHE CLINIQUE DE BORDEAUX NORD - ARCBN,0.00,Locaux
ASSOCIATION POUR LA SURVEILLANCE DE LA QUALITE DE L'AIR EN AQUITAINE (AIRAQ),0.00,Locaux
ASSOCIATION POUR LE DON DE SANG BENEVOLE DE BORDEAUX ET ENVIRONS,0.00,Locaux
ASSOCIATION POUR LE DROIT A L'INITIATIVE ECONOMIQUE - ADIE,0.00,Matériel pour manifestations
ASSOCIATION POUR UNE EDUCATION BUISSONNIERE (- APEB),"23,606.00",Equipements sportifs
ASSOCIATION POUR VALORISATION EN RELATION AVEC PROFESSIONNELS - REGION AQUITAINE - AVARAP AQUITAINE,0.00,Locaux
ASSOCIATION PRENDRE SOIN DU LIEN - APSL,"2,500.00",Matériel pour manifestations
ASSOCIATION PROMOTION DU GRAND SAINT-MICHEL,"3,500.00",
ASSOCIATION PROMOTION INSERTION SPORT EN AQUITAINE - APIS,"36,821.00","Matériel pour manifestations, équipements sportifs"
ASSOCIATION PSYCHANALITIQUE DES THERAPEUTES FAMILIAUX D'AQUITAINE - APSYFA,0.00,Locaux
ASSOCIATION PUCEART,500.00,
ASSOCIATION RAYMONDE ROUSSELLE,"4,000.00",
ASSOCIATION REGIONALE D'AQUITAINE DES CENTRES D'ENTRAINEMENTS AUX METHODES D'EDUCATION ACTIVE,0.00,Locaux
ASSOCIATION REGIONALE D'AQUITAINE DES COMBATTANTS VOLONTAIRES DE LA RESISTANCE,250.00,
ASSOCIATION REGIONALE DE PSYCHOLOGIE DU TRAVAIL AQUITAINE - AREPT,0.00,Locaux
ASSOCIATION REGIONALE DES DIPLOMES D'UNIVERSITE D'AQUITAINE - ARDUA,500.00,Locaux
ASSOCIATION REGIONALE DES OEUVRES EDUCATIVES ET DE VACANCES DE L'EDUCATION NATIONALE - AROEVEN,0.00,Locaux
ASSOCIATION RENAISSANCE DES CITES D'EUROPE,"7,000.00",Locaux
ASSOCIATION RENOVATION,0.00,"Equipements sportifs, locaux"
ASSOCIATION REPUBLICAINE DES ANCIENS COMBATTANTS ET VICTIMES DE LA GUERRE - ARAC-VG,0.00,Locaux
ASSOCIATION REVES - DELEGATION DEPARTEMENTALE DE LA GIRONDE,0.00,Matériel pour manifestations
ASSOCIATION RHIN ET DANUBE ANCIENS DE LA PREMIERE ARMEE FRANCAISE DU DEPARTEMENT DE LA GIRONDE,750.00,
ASSOCIATION RUN FEMINA TOUR,0.00,Matériel pour manifestations
ASSOCIATION SOCIALE POUR L'EMPLOI - ASPE SERVICE AUX PERSONNES - ANTENNE BORDEAUX,0.00,Locaux
ASSOCIATION SOLIDARTE EMPLOI (ASE) - ADELPHE,0.00,Locaux
ASSOCIATION SPORT EMPLOI,"4,000.00",
ASSOCIATION SPORTIVE AUTOMOBILE CLUB DU SUD-OUEST,0.00,Matériel pour manifestations
ASSOCIATION SPORTIVE CE BP ACA,0.00,Equipements sportifs
ASSOCIATION SPORTIVE CHARLES MARTIN,"31,796.00",Equipements sportifs
ASSOCIATION SPORTIVE DE LA CAISSE D'EPARGNE AQUITAINE POITOU CHARENTES (APC SPORTS),0.00,Matériel pour manifestations
ASSOCIATION SPORTIVE DE LA POLICE JUDICIAIRE DE BORDEAUX,0.00,Equipements sportifs
ASSOCIATION SPORTIVE DE PREPARATION OLYMPIQUE DU MIDI - SECTION ARTS MARTIAUX (ASPOM JUDO BORDEAUX),0.00,Matériel pour manifestations
ASSOCIATION SPORTIVE DES LUSITANOS DE CENON,0.00,Equipements sportifs
ASSOCIATION SPORTIVE DES SOURDS DE BORDEAUX - ASSB 33,"1,500.00",Equipements sportifs
ASSOCIATION SPORTIVE DU BARREAU DE BORDEAUX,"1,000.00","Matériel pour manifestations, équipements sportifs"
ASSOCIATION SPORTIVE DU GOLF DE BORDEAUX LAC,"5,600.00",
ASSOCIATION SPORTIVE ET CULTURELLE DE MAYOTTE,0.00,Equipements sportifs
ASSOCIATION SPORTIVE ET CULTURELLE DU GROUPE DES ASSURANCES NATIONALES (ASC GAN),0.00,Equipements sportifs
ASSOCIATION SPORTIVE FC PORTO DE BORDEAUX,0.00,Equipements sportifs
ASSOCIATION SPORTIVE KASHIRA AIKIDO,0.00,Equipements sportifs
ASSOCIATION SPORTIVE KUNG-FU WUSHU DE BACALAN,0.00,Equipements sportifs
ASSOCIATION SPORTIVE LOVENTA AUTOMATIQUE,0.00,Equipements sportifs
ASSOCIATION SPORTIVE LYCEE CONDORCET,"1,180.00",
ASSOCIATION TCHADIENNE DE LA NOUVELLE-AQUITAINE - ATNA,0.00,"Matériel pour manifestations, locaux"
ASSOCIATION TEMPS DE PAROLE,0.00,Locaux
ASSOCIATION TERRITOIRES ET INNOVATION SOCIALE (ATIS),"5,000.00",Locaux
ASSOCIATION THEATR'ACTIF,0.00,Locaux
ASSOCIATION THEATRE OMBRE ET LUMIERE,0.00,Locaux
ASSOCIATION UFORCA-BORDEAUX POUR LA FORMATION PERMANENTE,0.00,Locaux
ASSOCIATION UNION BORDEAUX BEGLES,"45,000.00",
ASSOCIATION UNION NATIONALE DES COMBATTANTS DE BORDEAUX-CENTRE,500.00,
ASSOCIATION UNTENDANSES,0.00,Locaux
ASSOCIATION VENEZUELA A BORDEAUX,0.00,Locaux
ASSOCIATION XIKOMBA,0.00,Locaux
ASSOCIATIONS : NOS REVES PRODUCTIONS - NR-PROD,"8,000.00",Locaux
ASSOENCORE,0.00,"Matériel pour manifestations, locaux"
ASSOPOURQUOIPAS33,"1,000.00",Locaux
ASTROLABE ,"152,533.00","Matériel pour manifestations, équipements sportifs,"
ATELIER 14 CIE ISABELLE CHEVEAU/VINCENT HARISDO - CENTRE PRATIQUES ARTIST. ET RECH. CHOREGRAPHIQUES,800.00,"Matériel pour manifestations, locaux"
ATELIER AQUITAINE,0.00,Locaux
ATELIER D'ECO SOLIDAIRE,"4,000.00",Matériel pour manifestations
ATELIER D’ASTROLOGIE D’AQUITAINE,0.00,Locaux
ATELIER GRAPHITE,"42,900.00",
ATELIER VOCAL D'AQUITAINE,0.00,Locaux
ATELIERS LIBRES D'AQUITAINE,0.00,Locaux
ATLANTIC OLDTIMER.COM,0.00,Matériel pour manifestations
AU CLAIR DE LA LUNE,"3,000.00",
AUDITION ET ECOUTE 33 - ASSOCIATION DES PERSONNES ATTEINTES DE PATHOLOGIES AUDITIVES DE LA GIRONDE,0.00,Locaux
AUTEUIL PETITE ENFANCE,"347,000.00",
AUTO DEFENSE ET ARTS MARTIAUX (ADAM),0.00,Equipements sportifs
AVANT GARDE ET JEANNE D'ARC DE BORDEAUX CAUDERAN - AGJA BORDEAUX CAUDERAN,"1,074,006.00","Matériel pour manifestations, équipements sportifs,"
AVISCENE,"3,000.00",
BACALAN TENNIS CLUB - BTC,"5,000.00",Equipements sportifs
BADMINTON CLUB BARBEY,"3,000.00","Matériel pour manifestations, équipements sportifs"
BANQUE ALIMENTAIRE DE BORDEAUX ET DE LA GIRONDE,"49,012.08","Matériel pour manifestations, locaux"
BASTIDE BENAUGE FUTSAL,750.00,Equipements sportifs
BATESTA,0.00,Locaux
BE WELL,"2,500.00",Locaux
BELEZA,0.00,Locaux
BENEVOLES EN ACTION,"7,500.00",Locaux
BEROCCA PRODUCTIONS,0.00,Matériel pour manifestations
BETTER PLAY BASKETBALL (BPB),0.00,Equipements sportifs
BIBLIOTHECA,0.00,Locaux
BIBLIOTHEQUES SANS FRONTIERES (LIBRARIES WITHOUT BORDERS),0.00,Locaux
BIEN-ETRE & BONHEUR DE VIVRE - BBV,0.00,Locaux
BIO'GUSTIN,0.00,Locaux
BORD'EAUX LOISIR PECHE - CLUB DE PECHES SPORTIVES - (BLP),0.00,Matériel pour manifestations
BORDEAUX 5 DE COEUR,"2,071.77","Matériel pour manifestations, locaux"
BORDEAUX ALIENOR D'AQUITAINE,0.00,"Matériel pour manifestations, locaux"
BORDEAUX ART CONTEMPORAIN (BAC),0.00,Matériel pour manifestations
BORDEAUX ASPOM ECHECS,500.00,
BORDEAUX ATHLETIC CLUB ,"13,000.00","Matériel pour manifestations, équipements sportifs,"
BORDEAUX BACKGAMMON CLUB,0.00,Matériel pour manifestations
BORDEAUX BASTIDE BASKET,"38,117.00",Equipements sportifs
BORDEAUX BEACH CHILLERS,0.00,Matériel pour manifestations
BORDEAUX BRIDGE CLUB ESPRIT DES LOIS,"1,000.00",
BORDEAUX BRITISH COMMUNITY - BBC,0.00,Locaux
BORDEAUX CHANSON,"2,000.00",Locaux
BORDEAUX CITE TANGO BCT,0.00,"Matériel pour manifestations, locaux"
BORDEAUX DANCE'IN CLUB,500.00,"Equipements sportifs, locaux"
BORDEAUX DANCESPORT GALAXY (BDSG),0.00,Locaux
BORDEAUX ECOLE INTERNATIONALE DE LOUANGE (BEIL),0.00,Locaux
BORDEAUX ENTREPRENEURS,"21,600.00",Locaux
BORDEAUX ETUDIANTS CLUB - BEC ,"209,595.00","Matériel pour manifestations, équipements sportifs,"
BORDEAUX FOOD CLUB,0.00,Matériel pour manifestations
BORDEAUX FOOTBALL AMERICAIN - LES LIONS DE BORDEAUX,"4,300.00",Equipements sportifs
BORDEAUX GIRONDE HOCKEY SUR GLACE (BGHG),"32,000.00",Locaux
BORDEAUX GIRONDE INVESTISSEMENT,"68,775.00",
BORDEAUX GIRONDE QUEBEC,"2,500.00",Locaux
BORDEAUX GRANDS EVENEMENTS (BGE),"300,000.00","Communication, locaux"
BORDEAUX GREETERS,0.00,Locaux
BORDEAUX HANDISPORT TENNIS,"1,000.00",
BORDEAUX INTER CHALLENGE - BIC,0.00,Locaux
BORDEAUX MARITIME SAUVETAGE & SECOURISME - BM2S,"2,700.00",Equipements sportifs
BORDEAUX MAYOTTE 101,0.00,Equipements sportifs
BORDEAUX MERIGNAC VOLLEY,"84,000.00","Matériel pour manifestations, équipements sportifs"
BORDEAUX NIHONGO HOSHU JUGYOKO (ECOLE COMPLEMENTAIRE JAPONAISE DE BORDEAUX),0.00,Matériel pour manifestations
BORDEAUX OPEN AIR,"15,000.00","Communication, matériel pour manifestations"
BORDEAUX PALMES AVENTURE,0.00,Equipements sportifs
BORDEAUX POUR TOUS,0.00,Locaux
BORDEAUX ROCK ,"15,000.00","Communication, matériel pour manifestations,"
BORDEAUX SERVICE SOLIDARITE,"18,000.00",
BORDEAUX SPORTS,"2,000.00",
BORDEAUX SPORTS DE GLACE,"25,000.00",Locaux
BORDEAUX TEATRO ITALIANO (BTI),0.00,Locaux
BORDEAUX WOMEN'S CLUB,0.00,"Matériel pour manifestations, locaux"
BORDEAUX-ACCUEILLE METROPOLE,"8,300.00","Matériel pour manifestations, locaux"
BORDEAUX-BASTIDE-ESCRIME,"2,000.00","Matériel pour manifestations, équipements sportifs"
"BORDEAUX-LIMA, LA MAISON DU PEROU",0.00,Matériel pour manifestations
BORDELAIS ASSOCIATIFS FALUCHARDS,0.00,Locaux
BOULEVARD DES POTES,0.00,"Matériel pour manifestations, locaux"
BOXERS DE BORDEAUX,"280,000.00",
BOXING CLUB ALAMELE,"8,000.00",Equipements sportifs
BOXING CLUB BACALANAIS,"1,200.00",
BOXING CLUB BORDELAIS,"4,000.00","Matériel pour manifestations, équipements sportifs"
BRIDGE CLUB BORDEAUX SAINT AUGUSTIN,0.00,Locaux
BRUIT DU FRIGO,"16,250.00",Matériel pour manifestations
BULL BORDEAUX FOOTBALL,0.00,Equipements sportifs
BURDIGALA CORPORATION,0.00,Matériel pour manifestations
BURDIGALA PHOTOS CLUB,"1,000.00","Matériel pour manifestations, locaux"
BURDIGALA SAVATE-CLUB,0.00,Equipements sportifs
BURKIN@PAMA.FR,0.00,Locaux
BXA - ESPRIT VOILE,0.00,Matériel pour manifestations
BÔYE-PÂH,0.00,Locaux
CAC33,0.00,Locaux
CAHIERS D'ARCHIVES,0.00,Locaux
CAISSE SOCIALE DE DEVELOPPEMENT LOCAL - CSDL,"115,000.00",Matériel pour manifestations
CALICONTE,0.00,Locaux
CALIXTE COEUR DE BASTIDE,"2,415.00",Matériel pour manifestations
CAMERATA OCEANA,0.00,Locaux
CAMPUS CHARTRONS,"1,104.10",Matériel pour manifestations
CANINE TERRITORIALE DE LA GIRONDE,0.00,Matériel pour manifestations
CAP AND CO,0.00,Equipements sportifs
CAP SCIENCES - CENTRE DE CULTURE SCIENTIFIQUE TECHNIQUE ET INDUSTRIELLE BORDEAUX AQUITAINE,"56,264.00","Communication, matériel pour manifestations"
CARABINS DE BORDEAUX,0.00,Matériel pour manifestations
CASTILLON 1453 - UN TERRITOIRE AU COEUR DE L'HISTOIRE,0.00,Matériel pour manifestations
CATHEDRA,"7,000.00","Matériel pour manifestations, locaux"
CAURI,0.00,Locaux
CDANSLABOITE,"4,000.00",Locaux
CDISCOUNT@SPORT,0.00,Equipements sportifs
CENTRE ACCUEIL CONSULTATION INFORMATION SEXUALITE,"5,400.00",
CENTRE CULTUREL ET D'ANIMATION DES JEUNES - YAVNE,"9,000.00",
CENTRE D'ACCUEIL D'INFORMATION ET D'ORIENTATION - CAIO,"30,000.00",Matériel pour manifestations
CENTRE D'ACTION ET DE PREVENTION CONTRE LA RADICALISATION LIEE A L'ISLAMISME (CAPRI),"19,000.00",Locaux
CENTRE D'ETUDES DE L'AUTO-CONNAISSANCE - CEA,0.00,Locaux
CENTRE D'INFORMATION JEUNESSE AQUITAINE - CIJA,"40,000.00","Matériel pour manifestations, locaux"
CENTRE D'INFORMATION METAPSYCHIQUE - CDIM,0.00,Locaux
CENTRE D'INFORMATION SUR LES DROITS DES FEMMES ET DES FAMILLES DE LA GIRONDE - CIDFF,"7,000.00",Matériel pour manifestations
CENTRE DE LIAISON DES EQUIPES DE RECHERCHE (CLER AMOUR ET FAMILLES),0.00,Locaux
CENTRE DE PREVENTION ET DE LOISIRS DES JEUNES DE BORDEAUX - CPLJ BORDEAUX,"10,000.00",Locaux
CENTRE DE RESSOURCES D'ECOLOGIE PEDAGOGIQUE D'AQUITAINE - CREPAQ,0.00,Locaux
CENTRE DE VOILE DE BORDEAUX LAC,"9,000.00",Locaux
CENTRE DES ETUDES DE LA REPUBLIQUE DEMOCRATIQUE,0.00,Locaux
CENTRE DES FESTIVALS FRANCE-RUSSIE,"1,000.00",Locaux
CENTRE ENTREPRISE COMMUNICATION AVANCEE - CECA,0.00,Matériel pour manifestations
CENTRE HA 32,800.00,
CENTRE JEAN VIGO EVENEMENTS,0.00,Locaux
CENTRE REGIONAL D'AQUITAINE D'ETUDES ET D'ACTIONS SUR LES HANDICAPS ET LES INADAPTATIONS - CREAI,0.00,Locaux
CENTRE REGIONAL D'ECO-ENERGETIQUE D'AQUITAINE - CREAQ,"8,000.00",Matériel pour manifestations
CENTRE RENCONTRES ACTION CULTURELLE BEGLES-CREAC,"20,000.00",
CENTRE SOCIAL BAGATELLE DISPENSAIRE DE BAGATELLE,"11,358.00",
CENTRE SOCIAL ET FAMILIAL BORDEAUX NORD ,"460,887.00","Matériel pour manifestations, équipements sportifs,"
CERCLE ARTISTIQUE SAINT AUGUSTIN (CASA),"2,500.00",
CERCLE BORDELAIS DE SANTE (CBS),0.00,Locaux
CERCLE D'ART BORDELAIS - CAB,0.00,Locaux
CERCLE D'ETUDES ET DE CULTURE FRANÇAISES (CECF),150.00,Locaux
CERCLE D'ETUDES RUSSES,0.00,Locaux
CERCLE ENTREPRISES DU SUD-OUEST (CESO),0.00,Locaux
CERCLE JEAN BAPTISTE LYNCH,0.00,Locaux
CERCLE OENOPHILE AQUITAIN,0.00,Locaux
CERCLE PHILATELIQUE BORDEAUX AQUITAINE,0.00,Locaux
CERCLE POLITEIA,0.00,Locaux
CHAHUTS,"57,000.00","Communication, matériel pour manifestations, locaux"
CHAMBRE DES METIERS DE LA GIRONDE,"11,033.13",
CHAMBRE NATIONALE DES PROPRIETAIRES,0.00,Locaux
CHANT LIBRE,"1,000.00",Locaux
CHANTE ECOLE,800.00,
CHEMINS DE TERRE,0.00,Locaux
CHEMINS DE VIES,0.00,Locaux
CHEVRE FOOTBALL CLUB - CFC,0.00,Equipements sportifs
CHOEUR DE FRANCE ATLANTIQUE - CDFA,0.00,Matériel pour manifestations
CIE LE SOLEIL BLEU,"25,000.00",
CIMADE - SERVICE OECUMENIQUE D'ENTRAIDE,"2,000.00","Matériel pour manifestations, locaux"
CINE MARGES,"2,000.00",
CINEMA AFRICAIN PROMOTION,0.00,Locaux
CINEPHILES DE NOTRE TEMPS,0.00,Locaux
CIRQUE ECLAIR ECOLE CIRQUE D'AQUITAINE,"14,000.00",
CITADEL,"4,000.00",
CLAIR-OBSCUR,0.00,Locaux
CLAP SUD OUEST,"6,000.00",
CLUB 89,0.00,Locaux
CLUB AGORA BORDEAUX 1 « 20 »,0.00,Locaux
CLUB ALPIN FRANÇAIS DE BORDEAUX,"2,000.00",Locaux
CLUB AMICAL CHAUFFOUR,0.00,Equipements sportifs
CLUB ATHLETIQUE DU PORT AUTONOME DE BORDEAUX,0.00,Equipements sportifs
CLUB ATHLETIQUE MUNICIPAL DE BORDEAUX - CAM ,"229,827.00","Matériel pour manifestations, équipements sportifs,"
CLUB BORDEAUX-CAMEROUN-FRANCE,0.00,Locaux
"CLUB BORDELAIS DU CHOCOLAT ""CHOCO PASSION""","1,000.00","Matériel pour manifestations, locaux"
CLUB BOULISTE ALBERT 1ER,0.00,Locaux
CLUB D'ENTREPRISES MERIADECK,"1,000.00",Matériel pour manifestations
CLUB D'EXPLORATION SOUS MARINE D'AQUITAINE - CESMA,0.00,Equipements sportifs
CLUB DE CANNE ET BATON D'AQUITAINE,0.00,Equipements sportifs
CLUB DE LA PRESSE DE BORDEAUX,0.00,Locaux
CLUB DES ENTREPRISES DE BORDEAUX MARITIME,"15,800.00",
"CLUB HISTOIRE ET PATRIMOINE, ARTS ET TECHNIQUES - ""CLUB HEPAT""",0.00,Locaux
CLUB INDEPENDANT BORDELAIS,0.00,Locaux
CLUB LOISIRS AQUITAINE CULTURE (CLAC),0.00,Locaux
CLUB MAQUETTES BORDEAUX METROPOLE,0.00,Matériel pour manifestations
CLUB PETANQUE GRAND PARC,"1,000.00",Locaux
"CLUB PYRENEES AQUITAINE, ASSOCIATION SPORTIVE, EDUCATIVE ET CULTURELLE","627,135.00","Matériel pour manifestations, équipements sportifs,"
CLUB SERVICES 33,"5,000.00",
COLIBRIS,0.00,Locaux
COLLECTIF 33 : LA SANTE UN DROIT POUR TOUS,0.00,Locaux
COLLECTIF BORDEAUX-MARINOPOLE,0.00,Locaux
COLLECTIF BTP,0.00,Locaux
COLLECTIF CLIFFHANGER,0.00,Locaux
COLLECTIF COMMENT C'EST MAINTENANT?,0.00,Locaux
COLLECTIF DE RESSOURCES BORDEAUX-NORD,"28,000.00",
COLLECTIF DES ASSOCIATIONS D'OUTRE-MER EN AQUITAINE DIT CAOMA,0.00,Locaux
COLLECTIF FETE DU JEU DE BORDEAUX,0.00,Matériel pour manifestations
COLLECTIF GIRONDIN DES ASSOCIATIONS AUTOUR DE L'AUTISME (CG3A),0.00,Locaux
COLLECTIF INTERASSOCIATIF SUR LA SANTE EN AQUITAINE - CISSA,"2,000.00",Locaux
COLLECTIF KLOUDBOX LABORATOIRE DE CREATIONS AUDIOVISUELLES ET GRAPHIQUES,0.00,"Matériel pour manifestations, locaux"
COLLECTIF LESCURE,"2,000.00",
COLLECTIF LIBRE ET INDEPENDANT DE LA POLICE DE GIRONDE (CLIP 33),0.00,Locaux
COLLECTIF MIXERATUM ERGO SUM,"3,100.00","Matériel pour manifestations, locaux"
COLLECTIF ORGANISATIONS SOLIDARITE INTERNATIONALE ISSUES MIGRATIONS EN AQUITAINE (COSIM AQUITAINE),0.00,Locaux
COLLECTIF OS'O,"8,000.00",Locaux
COLLECTIF T CAP,"2,500.00",
COLLEGE JACQUES ELLUL,"1,500.00",
COMENFRANCE,0.00,Locaux
"COMITE ACCOMPAGNEMENT URBANISME, DEFENSE DE L'ENVIRONNEMENT ET RESPECT DE LA SECURITE - CAUDERES",800.00,Matériel pour manifestations
COMITE ACTION PALESTINE,0.00,Locaux
COMITE ANIMATION DU QUARTIER TONDU-CARREIRE,"1,000.00",
COMITE AQUITAIN DE L'ASSOCIATION FRANÇAISE DES HEMOPHILES (CAAFH),0.00,Locaux
COMITE AQUITAIN DE LA PLANETE TERRE (CAP TERRE),0.00,Matériel pour manifestations
COMITE BORDEAUX SUD,0.00,Locaux
"COMITE D'ANIMATION, DE BIENFAISANCE ET DE DEFENSE DES INTERETS DU QUARTIER NANSOUTY","3,700.00","Matériel pour manifestations, équipements sportifs,"
COMITE DE BIENFAISANCE ET DE DEFENSE DES INTERETS DU QUARTIER CAUDERAN-SUD,"1,000.00",
COMITE DE CURVY AQUITAINE,0.00,Locaux
COMITE DE GIRONDE D'ATHLETISME,0.00,Matériel pour manifestations
COMITE DE GIRONDE DE BADMINTON (CO.GI.BAD),0.00,Equipements sportifs
COMITE DE QUARTIER BRACH VINCENNES,"1,600.00",
COMITE DE QUARTIER DANGUILHEM-EMILE ZOLA-BARRIERE DE PESSAC,500.00,
COMITE DE QUARTIER DE CAUDERAN - CQC,0.00,"Equipements sportifs, locaux"
COMITE DE QUARTIER MARECHAUX/POINCARE,0.00,Locaux
COMITE DE SOUTIEN POUR JOHAN GIRAUD-GIRARD,0.00,"Matériel pour manifestations, locaux"
COMITE DEPARTEMENTAL DE L'ASSOCIATION DE DEFENSE DES MALADES INVALIDES ET HANDICAPES - AMI 33,500.00,Locaux
COMITE DEPARTEMENTAL DE L'UNION FRANÇAISE DES OEUVRES LAIQUES D'EDUCATION PHYSIQUE - UFOLEP,0.00,Equipements sportifs
COMITE DEPARTEMENTAL DE LA GIRONDE CONTRE LE CANCER (CODECOC 33),0.00,"Matériel pour manifestations, locaux"
COMITE DEPARTEMENTAL DE LA RANDONNEE PEDESTRE DE GIRONDE,0.00,Locaux
COMITE DEPARTEMENTAL DE NATATION DE LA GIRONDE,0.00,Matériel pour manifestations
"COMITE DEPARTEMENTAL DES MEDAILLES DE LA JEUNESSE, DES SPORTS ET DE L'ENGAGEMENT ASSOCIATIF GIRONDE",0.00,Locaux
COMITE DEPARTEMENTAL DU SPORT ADAPTE DE LA GIRONDE (CDSA 33),0.00,Equipements sportifs
COMITE DEPARTEMENTAL HANDISPORT DE LA GIRONDE,750.00,
COMITE DEPARTEMENTAL OLYMPIQUE ET SPORTIF DE LA GIRONDE,0.00,Locaux
COMITE DES COMMERCANTS DE LA RUE DE GRASSI,"1,650.00",
"COMITE DES FETES DE BACALAN, BLANQUI ET CLAVEAU",0.00,"Matériel pour manifestations, locaux"
COMITE DES FETES DE BIENFAISANCE ET DES INTERETS DE ST-GENES TALENCE BORDEAUX,500.00,
COMITE D’ANIMATION LAFONTAINE-KLEBER (CALK),"9,200.00","Matériel pour manifestations, locaux"
"COMITE ETUDE ET INFORM. DROGUE (PREV. ET TRAIT. TOXICOMANIES ET AUTRES ADDICTIONS), CEID-ADDICTIONS","41,400.00","Matériel pour manifestations, équipements sportifs,"
COMITE FEMININ GIRONDE POUR LA PREVENTION ET LE DEPISTAGE DES CANCERS,"1,000.00","Matériel pour manifestations, locaux"
COMITE FRANCAIS POUR LE FONDS DES NATIONS UNIES POUR L'ENFANCE - UNICEF FRANCE,0.00,Locaux
COMITE GIRONDIN DE COURSE D'ORIENTATION,0.00,Matériel pour manifestations
COMITE MIRABEAU BORDELAIS 2017,0.00,Locaux
COMITE PALESTINE 33,0.00,Locaux
COMITE REGIONAL D’AQUITAINE DE NATATION,0.00,Matériel pour manifestations
COMITE REGIONAL HANDISPORT D'AQUITAINE,0.00,Locaux
COMITE REGIONAL UFOLEP AQUITAINE,"2,000.00",
COMITE REPRESENTATIF DES IDENTITES SOURDES - CRIS,0.00,Locaux
COMITE SCIENTIFIQUE DU CENTRE D'EXPERTISE MEDICALE DU PERSONNEL NAVIGANT DE BORDEAUX (CEMPN),0.00,Locaux
COMMERCANTS DE LA RUE DU TEMPLE,"2,085.00",
COMMERCANTS DU VILLAGE NANSOUTY,0.00,
COMMUNAUTE CAMEROUNAISE DE BORDEAUX (CCB),0.00,Locaux
COMMUNE LIBRE DU QUARTIER SAINT-PIERRE,980.00,Matériel pour manifestations
COMMUNIC'ARTE,0.00,Locaux
COMMUNIQUER EN EUROPE,0.00,Locaux
COMPAGNIE ACCESS,"10,000.00",
COMPAGNIE BETTY BLUES (THEATRE ET MUSIQUE),0.00,Locaux
COMPAGNIE BIVOUAC,"3,000.00",
COMPAGNIE CRU DES SENS,0.00,Locaux
COMPAGNIE DES LIMBES,"2,000.00","Matériel pour manifestations, locaux"
COMPAGNIE DES MARCHES DE L'ETE,"35,000.00","Communication, matériel pour manifestations, locaux"
COMPAGNIE DONC Y CHOCS,"2,000.00",Locaux
COMPAGNIE DU BARRAGE,0.00,Matériel pour manifestations
COMPAGNIE DU SI,0.00,Locaux
COMPAGNIE EN APARTE,0.00,Locaux
COMPAGNIE GABRIEL,0.00,Locaux
COMPAGNIE HORS SERIE,"42,000.00","Matériel pour manifestations, locaux"
COMPAGNIE INDIRA,0.00,Locaux
COMPAGNIE JEANNE SIMONE,"3,000.00",
COMPAGNIE LA MARGINAIRE,0.00,Locaux
COMPAGNIE LEITMOTIV,0.00,"Matériel pour manifestations, locaux"
COMPAGNIE NEE D'UN DOUTE,"1,000.00",
COMPAGNIE PAUL LES OISEAUX,"11,000.00",
COMPAGNIE PRESENCE MICHEL CAHUZAC,"10,500.00",Locaux
COMPAGNIE REG'ART,"3,500.00",
COMPAGNIE REVOLUTION DANCE,"13,000.00",
COMPAGNIE THEATRALE L'OEIL,"17,500.00",Locaux
COMPAGNONS BATISSEURS AQUITAINE,"13,000.00",
COMPAGNONS DU TOUR DE FRANCE DES DEVOIRS UNIS,"2,100.00",
COMPETENCES EN TEMPS PARTAGE GUYENNE - CTP GUYENNE,0.00,Locaux
COMPTOIR DE LA CULTURE BRESILIENNE,0.00,Locaux
CONCORDIA AQUITAINE,"1,500.00",
CONGLOMIRA,"10,000.00",
CONGRES ET EXPOSITIONS DE BORDEAUX,"30,000.00",Communication
CONSEIL CITOYENS DE BACALAN,"2,500.00",
CONSEIL DEPARTEMENTAL DES ASSOCIATIONS FAMILIALES LAIQUES DE LA GIRONDE - CDAFAL 33,"18,000.00",
CONSEIL INTERPROFESSIONNEL DU VIN DE BORDEAUX,0.00,Communication
CONSEIL REPRESENTATIF DES INSTITUTIONS JUIVES DE FRANCE - CRIF SUD OUEST AQUITAINE,0.00,Locaux
CONSERVATOIRE DE LA LANGUE RUSSE ET DE SES FETES TRADITIONNELLES,250.00,Locaux
CONTACT AQUITAINE,"1,400.00",
CONTRÔLE Z AQUITAINE,"6,000.00",
CONVENTION NATIONALE DES AVOCATS,0.00,Matériel pour manifestations
COOP ALPHA COOPERATIVE D'ACTIVITES ET D'EMPLOI 33,"3,000.00",
CORNER,"1,000.00",
COS VILLA PIA - EHPAD LES DAMES DE LA FOI,"119,000.00",
COTRAVAUX AQUITAINE,0.00,Locaux
COULEUR COREE,"1,000.00","Matériel pour manifestations, locaux"
COULEURS GARONNE,"11,040.00",
COUPE COURT,0.00,"Matériel pour manifestations, locaux"
CRE'ART : COMPAGNIE REG'ART,0.00,Locaux
CREAF,"1,000.00",
CRESS AQUITAINE (CHAMBRE REGIONALE DE L'ECONOMIE SOCIALE ET SOLIDAIRE D'AQUITAINE),0.00,Locaux
CROIX DE GUERRE ET VALEUR MILITAIRE,400.00,
CROIX ROUGE FRANÇAISE,0.00,Matériel pour manifestations
CROIX ROUGE FRANÇAISE - DELEGATION LOCALE,0.00,Locaux
CROUS DE BORDEAUX (CENTRE REGIONAL DES OEUVRES UNIVERSITAIRES ET SCOLAIRES),"5,500.00",
CTE ETS SEXTANT AVIONIQUE,0.00,Equipements sportifs
CULTIV'ACTIONS,0.00,Matériel pour manifestations
CULTURE ET BIBLIOTHEQUES POUR TOUS DU DEPARTEMENT DE LA GIRONDE,750.00,Locaux
CULTURE HORS LIMITES,"1,000.00",
CULTURE INDISCIPLINEE,400.00,
CULTURE SOUND SYSTEM,0.00,Matériel pour manifestations
CULTURES DES ARTS CREOLES ET DU MONDE 33 (CACM33),0.00,Locaux
CULTURES DU COEUR GIRONDE,"9,000.00",
CVLR ET ASSOCIES,"1,000.00",
DADDYLOVE FILMS,0.00,Locaux
DANSE AVEC NOUS,"7,000.00","Communication, matériel pour manifestations"
DANTE ALIGHIERI,0.00,"Matériel pour manifestations, locaux"
DARRY PERIER,"5,000.00",
DE VOLTES ET D'ASSAUTS,0.00,Locaux
DEALERS DE SCIENCE,0.00,Matériel pour manifestations
DEBOUT LA FRANCE DEBOUT LA REPUBLIQUE (DLF-DLR),0.00,Locaux
DEFENSE DE LA LANGUE FRANÇAISE - ASSOCIATION DE BORDEAUX,0.00,Locaux
DEFI,"8,000.00",
DEKA-EWE,0.00,"Equipements sportifs, locaux"
"DES JARDINS, DES VOISINS","1,000.00",Matériel pour manifestations
DHAGPO BORDEAUX,0.00,Locaux
DIACONAT DE BORDEAUX,"30,000.00",Locaux
DISPARATE,"9,000.00","Matériel pour manifestations, locaux"
DIVAN D'OUEST,0.00,Locaux
DIZGUYS,0.00,Matériel pour manifestations
DOCUMENTS D'ARTISTES,"3,000.00",
DOJO,0.00,"Matériel pour manifestations, équipements sportifs"
DONNEZ-NOUS UN SOURIRE,0.00,Locaux
DOUBADIDOU,0.00,"Matériel pour manifestations, locaux"
DRAG RACING TEAM - DRT,0.00,Matériel pour manifestations
DROLE DE SCENE,150.00,
DROP DE BETON,"6,500.00",Matériel pour manifestations
DU CHIEN DANS LES DENTS,0.00,Locaux
DU SOLEIL DANS LES PIEDS,0.00,Matériel pour manifestations
DUENDE ANDALUZ,"1,500.00",
DULCENE,0.00,"Matériel pour manifestations, locaux"
DUTCH CONNECTION BORDEAUX - DCBDX ASSOCIATION,0.00,Locaux
DYSPRAXIQUE MAIS FANTASTIQUE 33 - DMF 33,0.00,Locaux
EABA (ENSEIGNEMENT ARTISTIQUE BEAUX ARTS),0.00,Locaux
EBB - ENTREPRISE BIEN-ETRE BORDEAUX,0.00,Locaux
ECHANGE NORD-SUD,"3,882.00",
ECLATS,"21,000.00","Matériel pour manifestations, locaux"
ECLORE,"8,000.00",
ECOLE CHINOISE DE BORDEAUX,0.00,Locaux
"ECOLE DE CIRQUE DE BORDEAUX, CENTRE CULTUREL DES ARTS DU CIRQUE","43,000.00",Locaux
ECOLE DE KARATE BORDELAISE,0.00,Locaux
ECOLE DES GRANDS-PARENTS EUROPEENS BORDEAUX-GIRONDE - EGPE BORDEAUX-GIRONDE,"1,551.00",Locaux
ECOLE ESSENTIALISTE,0.00,Locaux
ECOLE SUPERIEURE DE THEATRE BORDEAUX AQUITAINE - ESTBA,"118,107.65",
ECOLO CRECHE,0.00,Locaux
ECOUTE S'IL PLEUT,0.00,Locaux
ECOUTER SON CORPS,0.00,Equipements sportifs
EDITIONS DE LA CERISE,"10,100.00",
EDUCATION ET SANTE AU SENEGAL,0.00,Locaux
EICOSA,0.00,Locaux
EINSTEIN ON THE BEACH,"8,560.00",
EL SOLAR ESPANOL,200.00,
EMULATION NAUTIQUE DE BORDEAUX,"113,603.00","Equipements sportifs, locaux"
EN 3 ACTES,0.00,Locaux
EN FACE,"3,000.00",
EN MARCHE - EMA,0.00,Locaux
EN MODE EVENT (EME),0.00,Locaux
EN ROUTE POUR TRAVAILLER,"4,500.00",
EN STOP,400.00,
"ENDOFRANCE, ASSOCIATION FRANÇAISE DE LUTTE CONTRE L'ENDOMETRIOSE",0.00,Locaux
ENFANCE ET FAMILLES D'ADOPTION DE LA GIRONDE - ASSOCIATION DES FOYERS ADOPTIFS GIRONDE (EFA 33),0.00,Locaux
ENFANTS ET SANTE FRANCE AQUITAINE,0.00,Locaux
ENQUETE,"2,500.00",
ENSEMBLE ORCHESTRAL DE BORDEAUX,0.00,Locaux
ENSEMBLE ORCHESTRAL MOLTO ASSAI,0.00,Locaux
ENSEMBLE PYGMALION,"38,000.00",
ENSEMBLE UN,"9,000.00",
ENSEMBLE VOCAL DE BORDEAUX,"1,500.00",
ENSEMBLE VOCAL VARIANCE MELODIE,0.00,Locaux
ENTENTE DES GENERATIONS POUR L’EMPLOI ET L’ENTREPRISE - EGEE,"4,000.00",Locaux
ENTR-AUTRES,"10,300.00","Matériel pour manifestations, locaux"
ENTRAIDE SCOLAIRE AMICALE (ESA),0.00,Locaux
ENTREPRISE INTERMEDIAIRE DE PRODUCTION ET DE FORMATION - EIPF,"15,000.00",Locaux
ENVOL D'AQUITAINE,"14,712.00","Matériel pour manifestations, équipements sportifs"
EQUIPE SAINT VINCENT BORDEAUX CENTRE,"4,000.00",
ERE NOUVELLE DES COMPAGNONS ET ASPIRANTS EGALITAIRES CHAMBRE DE BORDEAUX,0.00,Locaux
ERNEST CIRCUIT COURT SOLIDARITE - ERNEST CCS,0.00,"Matériel pour manifestations, locaux"
ESCALES LITTERAIRES BORDEAUX AQUITAINE,"177,500.00","Communication, matériel pour manifestations, locaux"
ESCAPADE EN POLYNESIE,0.00,"Matériel pour manifestations, locaux"
ESKUALDUNEN BILTZARRA - BORDELEKO ESKUAL ETXEA ou MAISON BASQUE DE BORDEAUX,"3,800.00","Matériel pour manifestations, équipements sportifs"
ESPACE CULTUEL MUSULMAN - ECM,0.00,Equipements sportifs
ESPACE DECOUVERTE MADAGASCAR (EDM),0.00,Locaux
"ESPACES MARX AQUITAINE BORDEAUX GIRONDE - EXPLORER, CONFRONTER, INNOVER","1,250.00",Locaux
ESPRIT BASTIDE,700.00,Matériel pour manifestations
ESPRIT DE CORPS - NOM D'USAGE LA MANUFACTURE CDCN,"44,000.00",Matériel pour manifestations
ESPRIT DE QUARTIER,0.00,Matériel pour manifestations
ESSPLICITE,0.00,Locaux
ETRE ET DEVENIR,"3,000.00",
ETUDIANTS MAROCAINS DE BORDEAUX - EMB,500.00,"Matériel pour manifestations, locaux"
ETXEKOAK,0.00,Matériel pour manifestations
EUFONIA-BORDEAUX FESTIVAL-CONCOURS INTERNATIONAL DE CHANT CHORAL,"8,000.00",Matériel pour manifestations
EUROFEEL,150.00,Locaux
"EUROPEAN MENTORING & COACHING COUNCIL, L'ASSOCIATION EUROPEENNE DE COACHING - EMCC France",0.00,Locaux
EURROM,0.00,Locaux
EVEILLEZ LES BEBES,"210,000.00",
"EVER (EYES, VOICE, EARS, RHYTHM)","4,000.00",Locaux
EXPLORATION DU MOUVEMENT,0.00,Locaux
EXPLORER LE SENTIR,0.00,Locaux
EXTERIEUR NUIT,300.00,
EXTRA,"4,664.00",
FAIS ET REVE,0.00,Locaux
FAIT DE CI DE SOI,"1,500.00","Matériel pour manifestations, locaux"
FAITS DE COEUR'S,"2,000.00",
FAMILLES EN GIRONDE - FEDERATION DE LA GIRONDE,"15,500.00",Locaux
FC CARTES ET SERVICES,0.00,Equipements sportifs
FEARLESS CULTURE,"1,000.00",
FEDERATION ASSOCIATIONS DE PARENTS ELEVES ENSEIGNEMENT LIBRE DE LA GIRONDE - APEL DE LA GIRONDE,0.00,Locaux
FEDERATION DEPARTEMENTALE DU SECOURS POPULAIRE FRANCAIS,0.00,"Communication, matériel pour manifestations, locaux"
FEDERATION DES ASSOCIATIONS FAMILIALES CATHOLIQUES - AFC,750.00,
FEDERATION DES MAISONS DES LYCEENS - FDML,0.00,Locaux
FEDERATION DES PARTICULIERS EMPLOYEURS DE GIRONDE,"2,000.00",
FEDERATION DES RADIOS ASSOCIATIVES DE LA GIRONDE - FEDERA 33,"1,000.00",
FEDERATION DES SOCIETES CARNAVALESQUES DE L'AGGLOMERATION BORDELAISE,"16,000.00",
FEDERATION FRANCAISE D'ATHLETISME,0.00,Communication
"FEDERATION FRANCAISE DE JUDO JUJITSU, KENDO et DISCIPLINES ASSOCIEES (FFJDA)",0.00,Matériel pour manifestations
FEDERATION FRANCAISE DE PSYCHOTHERAPIE ET PSYCHANALYSE (FF2P),0.00,Locaux
FEDERATION FRANCAISE DES PSYCHOLOGUES ET DE PSYCHOLOGIE - FFPP,0.00,"Communication, locaux"
FEDERATION FRANCAISE RUGBY (FFR),0.00,Matériel pour manifestations
FEDERATION FREUDIENNE DE PSYCHANALYSE,0.00,Locaux
FEDERATION GIRONDE POUR LA PECHE ET LA PROTECTION DU MILIEU AQUATIQUE (FDAAPPMA DE LA GIRONDE),0.00,Locaux
FEDERATION GIRONDINE DE LA LIBRE PENSEE,0.00,Locaux
FEDERATION NATIONALE DES ANCIENS DES FORCES FRANCAISES EN ALLEMAGNE ET EN AUTRICHE,500.00,
FEDERATION PROTESTANTE DE FRANCE - POLE BORDEAUX GIRONDE,0.00,Matériel pour manifestations
FEDERATION REGIONALE D'AGRICULTURE BIOLOGIQUE NOUVELLE-AQUITAINE,0.00,Locaux
FEDERATION REGIONALE DES DECORES DU TRAVAIL NOUVELLE-AQUITAINE (FRDT),0.00,Matériel pour manifestations
FEDERATION REGIONALE DES DECORES DU TRAVAIL NOUVELLE-AQUITAINE (FRDT) - SECTION DE CAUDERAN,0.00,Locaux
FEDERATION REGIONALE DU SUD-OUEST DES CAMARADES DE COMBAT,800.00,
FEDERATION SOS RACISME GIRONDE-AQUITAINE,"3,000.00",Locaux
FEMMES INTERNATIONALES MURS BRISES,0.00,Locaux
FEMMES SOLIDAIRES DU LAC,"3,000.00",
FENETRE SUR RUE,"4,750.00",Matériel pour manifestations
FESTES BAROQUES AU PAYS DES GRAVES,0.00,Matériel pour manifestations
FESTIVAL DES ARTS DE BORDEAUX,"327,000.00","Communication, matériel pour manifestations, locaux"
FETE LE MUR BORDEAUX GIRONDE AQUITAINE,"3,000.00","Matériel pour manifestations, équipements sportifs"
FISH AND SHOES,0.00,Locaux
FITNESS FREESTYLE,0.00,Locaux
FNAC SUD-OUEST,0.00,Locaux
FOIRE AUX PLAISIRS DE BORDEAUX,0.00,"Communication, matériel pour manifestations"
FONDA SUD-OUEST,0.00,Locaux
FONDATION DE FRANCE,"6,190.00",
FONDATION MAISON DE LA GENDARMERIE,0.00,Locaux
FONDATION POUR LA CULTURE ET LES CIVILISATIONS DU VIN,0.00,Communication
FONDAUDEGEMENT VOTRE,"1,000.00",
FONDS REGIONAL D'ART CONTEMPORAIN - COLLECTION AQUITAINE (FRAC AQUITAINE),"15,000.00",Communication
FOOT BALL CLUB BORDEAUX AQUITAINE 33,"1,450.00",Equipements sportifs
FOOT EMERGENCE,0.00,Equipements sportifs
FOOTBALL CLUB DE LA PRESSE BORDELAISE - FCPB,0.00,Equipements sportifs
FOOTBALL CLUB DES GIRONDINS DE BORDEAUX - FCGB,"90,000.00",Equipements sportifs
FOOTBALL CLUB LE BON JOUET,0.00,Equipements sportifs
FOOTBALL CLUB NOBI NOBI,0.00,Equipements sportifs
FOOTBALL CLUB TROPICAL (FCT),0.00,Equipements sportifs
FOOTBALL-CLUB BORDEAUX OCEAN,0.00,Equipements sportifs
FOOTBALL-CLUB ROUGE,0.00,Equipements sportifs
FORCE FEMMES,0.00,Locaux
FORMATION SECOURS,"2,200.00",
FORRO BORDEAUX ,0.00,"Matériel pour manifestations, équipements sportifs,"
FORUM DES CULTURES ET DES TRADITIONS,0.00,Locaux
FOYER FRATERNEL ,"444,542.00","Matériel pour manifestations, équipements sportifs,"
FOYER SOCIO-EDUCATIF DU C.E.S GRAND PARC,"2,500.00",
FOYER SOCIO-EDUCATIF DU COLLEGE ALIENOR-D'AQUITAINE DE CASTILLON-LA-BATAILLE,0.00,Equipements sportifs
FRACAS,"4,000.00",
FRANCE ALZHEIMER GIRONDE,0.00,Locaux
FRANCE AMERIQUE LATINE COMITE BORDEAUX GIRONDE,0.00,Locaux
FRANCE AVC 33,0.00,Locaux
FRANCE BENEVOLAT BORDEAUX GIRONDE,"3,000.00",Locaux
FRANCE PARKINSON,0.00,Locaux
FRANCE PLUS GIRONDE,0.00,Locaux
FREEFIT CONCEPT - BORDEAUX,0.00,Locaux
FRICHE AND CHEAP,"3,000.00",
GANAPATI,0.00,Locaux
GARGANTUA,0.00,Locaux
GASP'ART,0.00,Locaux
GAZELLISSIMES,0.00,Matériel pour manifestations
"GEM ""LES NEUROFESTIFS 33""",0.00,"Matériel pour manifestations, locaux"
GENERATIONS COBAYE,0.00,Locaux
GENERATIONS TAUZIN,"2,800.00",Locaux
GESTION DU CENTRE DE LOISIRS DE LA POSTE ALEMA,"334,000.00",
GIRONDE INFIRMES MOTEURS CEREBRAUX,500.00,
GIRONDE ROUMANIE ECHANGES ET CULTURE,0.00,Locaux
GIRONDINS DE BORDEAUX BASTIDE HANDBALL CLUB ,"129,693.00","Matériel pour manifestations, équipements sportifs,"
GLOB THEATRE,"115,000.00","Matériel pour manifestations, locaux"
GO GAGNANT A L'ORAL,0.00,Locaux
GP INTENCITE CENTRE SOCIAL ET CULTUREL DU GRAND PARC,"470,044.00","Matériel pour manifestations, locaux"
GRAIN DE SABLE,500.00,Locaux
GRAINE D'ADULTE,0.00,Locaux
GRAINES DE SOLIDARITE,"3,200.00",Matériel pour manifestations
GRANDIR ENSEMBLE,"2,600.00",Locaux
GREENPEACE FRANCE - GROUPE LOCAL DE BORDEAUX,0.00,Locaux
GROUPE 33,"4,000.00",
GROUPE ANAMORPHOSE,"10,000.00",
GROUPE APACHE,"4,000.00",Locaux
GROUPE D'ACCOMPAGNEMENTS ET DE LOISIRS ADAPTES,500.00,
GROUPE KEDGE BUSINESS SCHOOL,0.00,Matériel pour manifestations
GROUPE VOCAL ARPEGE DE BORDEAUX,0.00,Matériel pour manifestations
GROUPEMENT D'INTERET PUBLIC DE LA REUSSITE EDUCATIVE DE BORDEAUX,"60,000.00",
GROUPEMENT DE BORDEAUX DES ANCIENS PORTE-DRAPEAUX VOLONTAIRES REGION MILITAIRE DEFENSE AQUITAINE,"1,000.00",
GROUPEMENT DES EDUCATEURS SANS FRONTIERES - GREF,0.00,Locaux
GROUPEMENT DES ETUDIANTS EN DENTAIRE DE BORDEAUX (GED 33),0.00,Matériel pour manifestations
"GROUPEMENT DES INTELLECTUELS, AVEUGLES OU AMBLYOPES","1,500.00",
GROUPEMENT EUROPEEN DES MAGISTRATS POUR LA MEDIATION GEMME,0.00,Locaux
GROUPEMENT POUR L'INSERTION DES HANDICAPES PHYSIQUES D'AQUITAINE - GIHP AQUITAINE,"2,500.00",Locaux
GUYENNE HANDI-NAGES,"5,000.00",Equipements sportifs
GYMNASTIQUE VOLONTAIRE BORDEAUX BASTIDE,0.00,Equipements sportifs
GYMNASTIQUE VOLONTAIRE BORDEAUX LOUCHEUR,0.00,Locaux
GYMNASTIQUE VOLONTAIRE CHAUFFOUR,0.00,Equipements sportifs
GYMNASTIQUE VOLONTAIRE DU QUARTIER SAINT NICOLAS,0.00,Locaux
GYMNASTIQUE VOLONTAIRE LESCURE,0.00,Equipements sportifs
GYMNASTIQUE VOLONTAIRE PERGOLA STEHELIN,0.00,"Equipements sportifs, locaux"
H NORD ECOQUARTIER DE BORDEAUX - H NORD,0.00,Locaux
HABAD LOUBAVITCH BORDEAUX,0.00,Matériel pour manifestations
HABITAT ET HUMANISME GIRONDE - HH33,"3,000.00",Locaux
HALEIWA,0.00,Equipements sportifs
HALTE 33,"66,000.00",
HAND TO HAND,"2,500.00",Locaux
HANDIC'APTITUDE,0.00,Locaux
HANDICAP AUTONOME,0.00,Locaux
HANDICAP INTERNATIONAL,0.00,"Matériel pour manifestations, locaux"
HAPPE:N,"22,000.00",Matériel pour manifestations
HAPPY MOMENT,0.00,Locaux
HARMONIE STRETCH ET DETENTE,0.00,Equipements sportifs
HELIOS EVENEMENTS,"1,000.00",Locaux
HEUREUX A BORDEAUX,0.00,Locaux
HISTOIRES DE CARTONS,0.00,Matériel pour manifestations
HOCKEY GARONNE SPORT,"12,041.00",Equipements sportifs
HORS BORD,"12,000.00",Matériel pour manifestations
ICRONOS ASSOCIATION DU FESTIVAL INTERNATIONAL DU FILM ARCHEOLOGIQUE,0.00,Locaux
ILOT DES MOTS,0.00,Locaux
IMAGINA MUSIC,"2,800.00",Locaux
IMPACTS 33,"3,000.00","Equipements sportifs, locaux"
IMPALA,"4,800.00",
INCROYABLES COMESTIBLES BORDEAUX,0.00,Locaux
INCUBATEUR AU FEMININ BORDEAUX AQUITAINE,"21,000.00",
INFO SECTES AQUITAINE,"2,500.00",
INFODROITS,"12,000.00",
INSTANCE REGIONALE EDUCATION ET PROMOTION DE LA SANTE NOUVELLE-AQUITAINE (IREPS NOUVELLE-AQUITAINE),0.00,Locaux
INSTITUT BERGONIE,0.00,Matériel pour manifestations
INSTITUT CULTUREL AFRICAIN (ICA),0.00,Locaux
INSTITUT DE L'ENGAGEMENT (IDE),0.00,Locaux
INSTITUT DES AFRIQUES,"1,300.00",Locaux
INSTITUT DON BOSCO,"1,550.00","Matériel pour manifestations, équipements sportifs"
INSTITUT FRANCAIS,"25,000.00",
INSTITUT MICHEL MONTAIGNE,0.00,Locaux
INSTITUT SUPERIEUR EUROPEEN DE FORMATION PAR ALTERNANCE ET CONTINUE (ISEFAC) BACHELOR BORDEAUX,0.00,Matériel pour manifestations
INTERIEUR NUIT,"4,000.00",
INTERLUDE,"481,561.00","Matériel pour manifestations, locaux"
INTERNATIONAL CLUB OF BORDEAUX (ICB),500.00,
INTERNATIONAL COACH FEDERATION FRANCE (ICFF),0.00,Locaux
INTERNATIONAL NATURAL VANILLA ORGANISATION (INVO),0.00,Locaux
"IPPO (INFORMATION, PREVENTION, PROXIMITE, ORIENTATION)","19,500.00","Matériel pour manifestations, locaux"
IRON SPORT BORDEAUX,0.00,Equipements sportifs
ISIC RIDER,300.00,Locaux
ISIS EST AU 106,"3,500.00",
ITINERAIRES DES PHOTOGRAPHES VOYAGEURS,"18,000.00","Communication, locaux"
IUFN,"10,000.00",
J'ADORE CE QUE VOUS FAITES,"4,000.00",Locaux
J'AI PAS TOUT COMPRIS,0.00,Locaux
JE CHERCHE UN JOB,"2,000.00",Locaux
JEUNE BALLET D'AQUITAINE,0.00,"Matériel pour manifestations, locaux"
JEUNE CHAMBRE ECONOMIQUE DE BORDEAUX,"3,300.00",
JEUNE ORCHESTRE SYMPHONIQUE DE L'ENTRE-DEUX-MERS (JOSEM),0.00,Locaux
JEUNES MUSULMANS DE LA GIRONDE - JMG,"4,000.00","Matériel pour manifestations, locaux"
JEUNES SCIENCE BORDEAUX,"10,533.00",Locaux
JEUNESSE NOUVEAU REGARD (JNR),0.00,Locaux
JEUX DE MOT,400.00,
JSA BORDEAUX METROPOLE BASKET,"50,000.00",Equipements sportifs
JUDO CLUB BACALANAIS,"3,000.00",
JUDO-CLUB GIRONDIN OMNISPORTS,0.00,Equipements sportifs
"KAIZOKU, CINEBAT'EAU",0.00,Matériel pour manifestations
KALINA'GO,0.00,Locaux
KALOS,"1,000.00",
KAN-KRA TEAM,"2,000.00",Equipements sportifs
KARAVAN BORDELAISE,0.00,Locaux
KER PHILIA,0.00,Locaux
KI E KI,0.00,Locaux
KILOMBO KINTWADI,0.00,Locaux
KINO SESSION,"2,000.00","Matériel pour manifestations, locaux"
KIZOINDESIGN,0.00,Matériel pour manifestations
KUNG-FU WUSHU ACADEMIE (KFWA),0.00,Equipements sportifs
L'A COSMOPOLITAINE « COSMODANCE »,"1,500.00",Matériel pour manifestations
L'ADAPT,0.00,Locaux
L'AGENCE CREATIVE,"45,000.00","Matériel pour manifestations, locaux"
L'AGENCE DE GEOGRAPHIE AFFECTIVE,"7,000.00",Locaux
L'AIGLON CENTRE DE JEUNESSE,"1,700.00",Matériel pour manifestations
L'AMICALE DES CHINOIS DU SUD-OUEST (ADCSO),0.00,"Matériel pour manifestations, locaux"
L'ARBRE DE VIE,"3,000.00",
L'ART & SCENE,0.00,Matériel pour manifestations
L'ASSEMBLEE CREATIVE,"10,000.00",Locaux
L'ASSO POINCARE,860.00,
L'ASSOCIATION DE LA REVUE,0.00,Locaux
L'ASSOCIATION DES BISSAU-GUINEENS,0.00,Locaux
L'ASSOCIATION SLAVE,0.00,Matériel pour manifestations
L'ATELIER BUDGETAIRE,500.00,
L'ATELIER CHOREGRAPHIQUE,0.00,Locaux
L'ATELIER DES BAINS DOUCHES,"4,000.00",
L'ATELIER REMUMENAGE,"16,000.00",Locaux
L'ATEUL,0.00,Matériel pour manifestations
L'AUTRE - ASSOCIATION DES ETUDIANTS EN ANTHROPOLOGIE SOCIALE ET CULTURELLE,0.00,Locaux
L'AUTRE CERCLE AQUITAINE,0.00,Locaux
L'AVENTURE PEUGEOT CITROEN DS,0.00,Matériel pour manifestations
L'ECOLE DU BONHEUR,0.00,Locaux
L'EPICERIE,"23,000.00",Locaux
L'ESPRIT DU PIANO,"4,500.00","Communication, matériel pour manifestations"
L'ESSENCE DE VIE (EDV),0.00,Locaux
L'ESTEY,0.00,Locaux
L'ILE AUX ENFANTS,500.00,
L'INCONGRU,"2,500.00",
L'OLYMPIQUE-CLUB BORDELAIS - OCB,0.00,Equipements sportifs
L'ORANGEADE,"2,000.00",Matériel pour manifestations
L'OSTAU OCCITAN (SECTION DE L'INSTITUT D'ETUDES OCCITANES POUR LE DEPARTEMENT DE LA GIRONDE),0.00,"Matériel pour manifestations, locaux"
L'OUMIGMAG,"8,000.00",Matériel pour manifestations
L'OUTIL EN MAIN DE LA GIRONDE,500.00,
L'OUVRE BOITE,"1,500.00",
LA BELLE ENDORMIE,"2,000.00",Matériel pour manifestations
LA BELLE ESTAMPE,0.00,Locaux
LA BOITE A JOUER,"18,000.00",Locaux
LA BOITE A SEL,"3,000.00",
LA BOITE DE OUF,"8,000.00",Locaux
LA CABANE A GRATTER,"4,000.00",Locaux
LA CAISSE A OUTILS,"57,357.00",
LA CASE,"5,000.00",
LA CHIFFONNE RIT,0.00,Matériel pour manifestations
LA CIGOGNE - COORDINATION INDEPENDANTE GIRONDINE D'ASSISTANTES MATERNELLES,0.00,Locaux
LA CLE DES ONDES,0.00,Locaux
LA CLE DU QUAI,0.00,Locaux
LA COMA,"13,000.00",
LA COMEDIE TRIBALE - LCT,0.00,Locaux
LA COMPAGNIE ADN,"2,000.00",Matériel pour manifestations
LA COMPAGNIE BOUGRELAS,"4,000.00",
LA COMPAGNIE CHRONIQUE,0.00,Locaux
LA COMPAGNIE DES 3M,0.00,Locaux
LA COMPAGNIE DES SONGES,0.00,Locaux
LA COMPAGNIE DES... CURIOSITES!,0.00,Locaux
LA COMPAGNIE DU REFECTOIRE - THEATRE D'ECHANGES INTERNATIONAUX,"6,300.00",Locaux
LA COMPAGNIE GARONOTES,0.00,Locaux
LA COMPAGNIE « LES FOUS DE LA RAMPE »,0.00,Locaux
LA DAME A LA LICORNE,0.00,Locaux
LA FABRIQUE OPERA BORDEAUX AQUITAINE,0.00,Matériel pour manifestations
LA FABRIQUE POLA,"27,000.00","Matériel pour manifestations, locaux"
LA FLAMBEE,0.00,Locaux
LA FLECHE DE BORDEAUX ,"8,900.00","Matériel pour manifestations, équipements sportifs,"
LA GROSSE SITUATION,"10,000.00",
LA GYM SUEDOISE BORDEAUX,650.00,"Equipements sportifs, locaux"
LA HALLE DES DOUVES,"74,000.00","Matériel pour manifestations, locaux"
LA KAHUTABAM,0.00,Matériel pour manifestations
LA LIBELLULE,0.00,Locaux
LA LIGUE DE L'ENSEIGNEMENT - FEDERATION OEUVRES LAIQUES DE LA GIRONDE,0.00,"Matériel pour manifestations, équipements sportifs,"
LA MAIN A L’OREILLE,0.00,"Matériel pour manifestations, locaux"
LA MAISON DE SOI,0.00,Locaux
LA MAISON DES FAMILLES DE BORDEAUX,"11,500.00",Locaux
LA MAISON DU DIABETE ET DE LA NUTRITION,"3,000.00",
LA MANIF POUR TOUS 33,0.00,Locaux
LA MANNE EUROPE,"2,500.00","Matériel pour manifestations, locaux"
LA MANUFACTURE ATLANTIQUE,"190,000.00","Communication, matériel pour manifestations, locaux"
LA MARGE ROUSSE,0.00,Locaux
LA MARMAILLE,0.00,Locaux
LA MEMOIRE DE BORDEAUX METROPOLE,"51,819.78",Locaux
LA MIEL,0.00,Locaux
LA NUIT VENUE,0.00,Matériel informatique
LA PLUME ET L'OREILLE,0.00,Locaux
LA PLUME ET LE CRAYON,0.00,Locaux
LA POLKA,"12,000.00",
LA PREVENTION ROUTIERE,"2,200.00","Matériel pour manifestations, locaux"
LA RESERVE,"4,000.00",Locaux
LA RONDE DES QUARTIERS DE BORDEAUX,"121,000.00","Communication, matériel pour manifestations, locaux"
LA ROUTE DES VINS,0.00,"Matériel pour manifestations, équipements sportifs"
LA TRAVERSEE,"1,000.00",
LA TRIBALE DEMARCHE,"4,000.00",Matériel pour manifestations
LA TRIBU DU CHANGEMENT,0.00,Matériel pour manifestations
LA TROISIEME PORTE A GAUCHE,"4,000.00",Locaux
LA VIE A DOMICILE - MAISON DE LA SANTE ET DES AIDANTS,0.00,Locaux
LA VOLIERE,0.00,"Matériel pour manifestations, locaux"
LABE'ART,0.00,Matériel pour manifestations
LAC 2 SPORTS SCOLAIRES,480.00,
LADIES' CIRCLE BORDEAUX 20,0.00,Locaux
LAFEDERATION 33,0.00,Locaux
LANGAGE TOI,"4,800.00",
LANGUES EN SCÈNE,"5,400.00",
LATESTA PROTECTION DE L'HABITAT,0.00,Locaux
LATINO MEX BORDEAUX,0.00,Locaux
LAXMI GIRONDE,0.00,"Matériel pour manifestations, locaux"
LE 308,"14,000.00",
LE 4 DE BORDEAUX,"15,180.00","Matériel pour manifestations, locaux"
LE BLEU DU CIEL EDITIONS,0.00,Communication
LE CAFE HISTORIQUE,"1,500.00",
LE CANNELE D'ADRESSES,0.00,Matériel pour manifestations
LE CARREAU,0.00,Locaux
LE CHAINON MANQUANT,0.00,Matériel pour manifestations
LE CHOEUR DES ECLUSES,0.00,"Matériel pour manifestations, locaux"
LE CHOEUR MELUSINE,0.00,Locaux
LE CHOEUR VOYAGEUR,0.00,Locaux
LE COLLECTIF DES JARDINIERS URBAINS,"4,000.00",
LE COURRIER DE BOVET,500.00,
LE DESSOUS DES BALANCOIRES,"4,500.00",
LE DIRE AUTREMENT,0.00,Locaux
LE FESTIN,"5,000.00","Communication, matériel pour manifestations"
LE FRIIIX CLUB,0.00,Locaux
LE GARAGE MODERNE,"4,000.00",
LE GIROFARD,"10,000.00",Matériel pour manifestations
LE LABO DES HISTOIRES SECTION SUD-ATLANTIQUE,0.00,Locaux
"LE LABO, REVELATEUR D'IMAGES","5,955.00","Matériel pour manifestations, locaux"
LE LEVAIN HABITATS JEUNES SIMONE NOAILLES,0.00,Locaux
LE LYS ET LE LEOPARD,0.00,Locaux
LE NOM LIEU,800.00,Locaux
LE P'TIT BOUT DE QUARTIER,500.00,Matériel pour manifestations
LE PAIN DE L'AMITIE,"5,000.00",Matériel pour manifestations
LE PETIT INSTITUT DE CHINE : ECOLE D'ARTS MARTIAUX ET CULTURE CHINOISE,0.00,"Matériel pour manifestations, équipements sportifs"
LE PONT DES ARTS,0.00,Locaux
LE POQUELIN THEATRE,"3,500.00",Locaux
LE QUAI AUX LIVRES,"4,000.00",
LE REVE,"1,500.00",
"LE SATELLITE, ASSO ACTIVITE EMPLOI, LABEL MUSICAL, EDITORIAL PLATEFORME PRODUCT. DIFFUSION, FORMAT.",0.00,Locaux
LE SERVICE GAGNANT,"50,000.00",
LE SPORTING-CLUB DE LA BASTIDIENNE ,"26,852.00","Matériel pour manifestations, équipements sportifs,"
LECOKTAIL,"6,000.00",Matériel pour manifestations
LENA D'AZY,"5,000.00",
LEO CLUB BORDEAUX INTERNATIONAL - LBI,0.00,Locaux
LES 13 LUNES,"1,000.00",
LES AMIS AQUITAINS DES SEMAINES SOCIALES DE FRANCE,0.00,Locaux
LES AMIS DE LA CATHEDRALE ST ANDRE DE BORDEAUX,"15,000.00",Matériel pour manifestations
LES AMIS DE LA RUE KLEBER,0.00,Matériel pour manifestations
LES AMIS DE SAINTE GENEVIEVE (ASG),0.00,Matériel pour manifestations
LES AMIS DE SUPERCOOP,0.00,Locaux
LES AMIS DU FRAC AQUITAINE,0.00,Matériel pour manifestations
LES AMIS DU GRAND THEATRE - OPERA DE BORDEAUX,"1,000.00",Locaux
LES AMIS DU LIVRE ANCIEN ET MODERNE (ALAM),0.00,"Matériel pour manifestations, locaux"
LES ANCIENS DE BACALAN CLAVEAU,0.00,"Matériel pour manifestations, locaux"
LES APPRENTIS PHILOSOPHES,0.00,Locaux
LES ARAIGNEES PHILOSOPHES,0.00,Locaux
LES ARCHERS DE GUYENNE,500.00,"Matériel pour manifestations, équipements sportifs"
LES ATELIERS DU GRAND VOYAGEUR,0.00,Locaux
LES BALADES ALTERNATIVES,0.00,Locaux
LES BIDIBULLES,0.00,Locaux
LES BLESSES MULTIPLES ET IMPOTENTS DE GUERRE SECTION DE LA GIRONDE,500.00,
LES BLOUSES ROSES - ANIMATION LOISIRS A L'HOPITAL COMITE DE BORDEAUX,800.00,Locaux
LES BORDELUCHES,0.00,Locaux
LES CAPRICES DE MARIANNE,"6,000.00",Matériel pour manifestations
LES CHANTIERS TRAMASSET,0.00,Matériel pour manifestations
LES CLOWNS STETHOSCOPES,"1,000.00",
LES COLCHIQUES DE CONDORCET,"6,200.00",Matériel pour manifestations
LES CONCILIATEURS DE JUSTICE DE LA COUR D'APPEL DE BORDEAUX,500.00,
LES COQS ROUGES,"350,358.00","Matériel pour manifestations, équipements sportifs"
LES COQUELICOTS,450.00,
LES COUCOUS,0.00,Locaux
LES DETRITIVORES,"4,000.00",
LES DOSSIERS D'AQUITAINE ET D'AILLEURS,0.00,Matériel pour manifestations
LES DROITS DU PIETON EN GIRONDE,0.00,Locaux
LES ECHOS DU LAC,"1,500.00",
LES ENFANTS D'OSIRIS,"374,400.00","Matériel pour manifestations, locaux"
LES FEES PAPILLONS,"11,000.00",
LES FEES REIKI,0.00,Locaux
LES FEES RUE,0.00,Matériel pour manifestations
LES FELIS MARGARITA,0.00,"Matériel pour manifestations, locaux"
LES FEMMES CHEFS D'ENTREPRISES-FCE FRANCE,0.00,Locaux
LES FILLES D'A COTE,0.00,Locaux
LES GIRONDINS DE BORDEAUX ,"111,800.00","Matériel pour manifestations, équipements sportifs,"
LES HABITANTS ET RIVERAINS DU QUARTIER SAINT-GENES-BOURSE DU TRAVAIL - COSTEDOAT,0.00,Matériel pour manifestations
LES IMPROVISATEURS ANONYMES,0.00,Locaux
LES INDEPENDANTS PLASTICIENS DE BORDEAUX,0.00,Locaux
LES INSTRUMENTS ANCIENS DE BORDEAUX,0.00,Locaux
LES JARDINS D'AUJOURD'HUI,0.00,Locaux
LES JARDINS DE POINCARE,800.00,
LES JEUNES DE SAINT AUGUSTIN - JSA ,"946,685.00","Matériel pour manifestations, équipements sportifs,"
LES JOURNEES DE LA NUTRITION - JDLN,0.00,Locaux
LES LEOPARDS DE GUYENNE,"12,000.00",Equipements sportifs
LES MAINS POUR LE DIRE,"3,400.00",
LES MARDIS DE L'ART,0.00,Locaux
LES MARINS DE LA LUNE,0.00,Matériel pour manifestations
LES MORDUC,0.00,Locaux
LES MORPHOGENISTES,0.00,Locaux
LES MUSCLES BORDELAIS,0.00,Equipements sportifs
LES ORCHIDEES ROUGES,500.00,Locaux
LES P'TITES QUENOTTES,"3,700.00",
LES P'TITS GRATTEURS,"12,500.00","Matériel pour manifestations, locaux"
LES PARENTS DE CAUDERAN,"205,000.00",
LES PARENTS INDEPENDANTS D'ANATOLE-FRANCE - PIAF,0.00,Locaux
LES PETITS DEBROUILLARDS AQUITAINE,"44,620.00",
LES PETITS FRERES DES PAUVRES DE BORDEAUX,"3,500.00","Matériel pour manifestations, locaux"
LES PETITS TRETEAUX,500.00,Locaux
LES PINSONS,500.00,
LES PRODUCTIONS DE L'ANGE,0.00,Locaux
LES REQUINS MARTEAUX,"2,000.00",
LES RIVERAINS DU STADE PROMIS,0.00,Locaux
LES SALINIERES ASSOCIATION SPORTIVE,0.00,Equipements sportifs
LES SURPRISES,"8,000.00",Locaux
LES TETES DE L'ART,0.00,Matériel pour manifestations
LES VAILLANTS DE SAINT SEURIN,0.00,Matériel pour manifestations
LES VIVRES DE L'ART,"8,000.00",Matériel pour manifestations
LETTRES DU MONDE,"13,000.00","Communication, matériel pour manifestations, locaux"
LIGUE AQUITAINE DE SAVATE ET DISCIPLINES ASSOCIEES,0.00,Matériel pour manifestations
LIGUE AQUITAINE DE TAEKWONDO,0.00,Matériel pour manifestations
LIGUE D’AQUITAINE D’ATHLETISME,0.00,Matériel pour manifestations
LIGUE FRANCAISE POUR DEFENSE DROITS DE L'HOMME ET DU CITOYEN (LDH) ET LIGUE DES DROITS DE L'HOMME,0.00,Locaux
LIGUE INTERNATIONALE CONTRE LE RACISME ET L'ANTISEMITISME - SECTION BORDEAUX & GIRONDE - LICRA,"8,000.00",Matériel pour manifestations
LIGUE REGIONALE DE LA FEDERATION DE MUAY THAI ET DISCIPLINES ASSOCIEES REGION AQUITAINE - FMDA,0.00,Matériel pour manifestations
LIONS CLUB BORDEAUX RIVE-GAUCHE,0.00,"Matériel pour manifestations, locaux"
LIONS CLUB BORDEAUX ROYAL,0.00,Locaux
LIONS CLUB BORDEAUX SAINT AUGUSTIN,0.00,"Matériel pour manifestations, locaux"
LIONS CLUB BORDEAUX TOURNY,0.00,"Matériel pour manifestations, locaux"
LIONS CLUB BORDEAUX-EUROPE - DISTRICT 103 SUD-OUEST,0.00,"Matériel pour manifestations, locaux"
LIONS CLUB DE BORDEAUX CAUDERAN,0.00,Matériel pour manifestations
LIONS-CLUB BORDEAUX-MASCARET,0.00,Locaux
LO TALHIER - ATELIER MUSIQUE ET DANSE TRADITIONNELLES DE BORDEAUX-CAUDERAN,0.00,Locaux
LOCAL ATTITUDE,"4,000.00",
LOS TREINTA Y TRES,0.00,"Matériel pour manifestations, locaux"
LOUONS L'ETERNEL,0.00,Locaux
LUCILANN,"200,000.00",
LUDOLUDIK,300.00,Matériel pour manifestations
LUNA D'AIGA,0.00,Locaux
LUSO KIZOMBA,0.00,Matériel pour manifestations
LYCEUM CLUB INTERNATIONAL DE BORDEAUX,0.00,Locaux
LYSIAS-BORDEAUX,"1,000.00",
M-TECH MECANIQUE TECHNOLOGIE,0.00,Matériel pour manifestations
MACCABI SPORTS DE BORDEAUX,0.00,Equipements sportifs
MADE IN MOVEMENT,0.00,Locaux
MAGNETOGRAMMES ASSOCIATION,0.00,Locaux
MAINTIEN DE LA TRADITION DE DAGPO DRATSANG,"3,813.45",
MAIRES RESPONSABLES METROPOLES FRANCOPHONES - AIMF,"50,000.00",
MAISON ACCUEIL ET INFORMATION 33,300.00,
MAISON CULTURELLE COREENNE DE BORDEAUX,"1,800.00",
MAISON D'ALGERIE EN AQUITAINE,0.00,Locaux
"MAISON DE L'EMPLOI, DE L'INSERTION ECONOMIQUE ET DE L'ENTREPRISE DE BORDEAUX","648,000.00",Matériel pour manifestations
MAISON DE L'EUROPE BORDEAUX-AQUITAINE (MEBA),"50,000.00","Matériel pour manifestations, locaux"
MAISON DE L'INITIATIVE ET DE L'ENTREPRENEURIAT - MIE,"12,000.00",
MAISON DE LA NATURE ET DE L'ENVIRONNEMENT BORDEAUX-AQUITAINE,0.00,"Matériel pour manifestations, locaux"
MAISON DE NOLAN,"45,000.00",
MAISON DE SANTE PROTESTANTE DE BORDEAUX BAGATELLE,"5,000.00",
MAISON DES ADOLESCENTS DE LA GIRONDE (MDA 33),"13,262.69","Matériel pour manifestations, locaux"
MAISON DES FEMMES DE BORDEAUX,"5,000.00",Matériel pour manifestations
MAISON DES JEUNES ET DE LA CULTURE CENTRE DE LOISIRS DES DEUX VILLES - MJC CL2V,"112,450.00",
MAISON DES METIERS DE L'IMPRIMERIE - AMHITEIM,0.00,Locaux
MAISON DES SOURDS DE LA GIRONDE - MS 33,0.00,Locaux
MAISON EUROPEENNE DE LA CITOYENNETE,0.00,Locaux
MAITRISE DE BX PETITS CHANTEURS DE BORDEAUX,"2,000.00",
MAJ,0.00,Locaux
MAKESENSE,0.00,Locaux
MAM IL ETAIT UNE FOIS,"3,000.00",
MAM LES PETITS LIONS BLEUS,"3,500.00",
MAM STRAM GRAM,"3,000.00",
MAM'OURS,0.00,Matériel pour manifestations
MANA,"43,000.00",Locaux
MANDORA,"6,000.00","Communication, matériel pour manifestations"
MANECOUNDA,0.00,Locaux
MANTA PLONGEE,0.00,Equipements sportifs
MARTINE CHEZ L'ORTHODONTISTE,0.00,Locaux
MASCARETS,"3,300.00","Matériel pour manifestations, locaux"
MAYOTTE-GIRONDE,0.00,Locaux
MECHANIC CIRCUS,"2,000.00",Locaux
MEDECINS DU MONDE,"3,000.00",Locaux
MEDULLA,"4,000.00",
MEEGOT,"10,000.00",
MELIMEL'ONDES,"5,500.00",Locaux
MEMOIRES ET PARTAGES,"2,000.00","Matériel pour manifestations, locaux"
MENSA AQUITAINE,0.00,Locaux
MERCI GERTRUDE,"7,000.00",Matériel pour manifestations
MIAOU RECORDS,0.00,Matériel pour manifestations
MIGRATIONS CULTURELLES AQUITAINE - AFRIQUES (MC2A),"22,500.00","Matériel pour manifestations, locaux"
MINE DE RIEN,0.00,"Matériel pour manifestations, locaux"
MINI JACK,"1,000.00",
MINI POPPINS,"3,000.00",
MISSION LOCALE BORDEAUX AVENIR JEUNES,"494,000.00",Locaux
MIX COLOR UNITED - M.C.U.,"1,400.00",
MOI NON PLUS,"1,000.00",Locaux
MONOQUINI,"11,000.00","Locaux, matériel informatique"
MONTPELLIER BEACH VOLLEY,0.00,Matériel pour manifestations
MONTS ET MERVEILLES,"4,500.00",
MOTO CLUB HEXAGON 33,0.00,Locaux
MOUVEMENT ATD QUART MONDE,"9,000.00","Matériel pour manifestations, locaux"
MOUVEMENT DES ENTREPRENEURS SOCIAUX,0.00,Locaux
MOUVEMENT EUROPEEN FRANCE-GIRONDE,0.00,"Matériel pour manifestations, locaux"
MOUVEMENT FRANCAIS POUR LE PLANNING FAMILIAL - ASSOCIATION DEPARTEMENTALE DE LA GIRONDE,"2,000.00",Locaux
MUSIC'S COOL,0.00,Locaux
MUSICA IN CATHEDRA,0.00,Locaux
MUSICA LUNAE,0.00,Locaux
MUSIQUES DE NUIT - DIFFUSION,"32,000.00",Communication
MY KARTEL,0.00,Matériel pour manifestations
N'A QU'UN OEIL,"9,000.00",
NAFASSY BORDEAUX,0.00,Locaux
NANTES SUMMERCAMP,"69,000.00",
NAÇAO PALMARES CAPOEIRA DE BORDEAUX,0.00,Equipements sportifs
NEELA CHANDRA,0.00,Locaux
NEW BASKET ATTITUDE,"10,500.00",Equipements sportifs
NIRE LAGUNA THOMAS,0.00,Matériel pour manifestations
NOS D'ART,"1,500.00",
NOTRE ITALIE,0.00,Locaux
NOTRE-DAME DES BARRAILS,0.00,"Matériel pour manifestations, locaux"
NOUVELLE DONNE,0.00,Locaux
NOUVELLE GESTION DES RESSOURCES HUMAINES (NGRH),0.00,Locaux
NOUVELLE-AQUITAINE FILMS,0.00,Locaux
NQT (NOS QUARTIERS ONT DU TALENT) - NOUVELLE AQUITAINE,0.00,Locaux
NUAGE BLEU,"130,000.00",
NVL/CRALEJ - NOUS VOULONS LIRE !/CENTRE RECH. RESS. AQUIT. LIVRE LECTURE LITTERATURE ENF. JEUNESSE,0.00,Locaux
O SOL DE PORTUGAL,"31,418.00",Locaux
O'PTIMOMES LOISIRS,"175,215.00",Locaux
OCTANDRE,0.00,Locaux
"ODE, ORGANISATEUR D'EVENEMENTS",0.00,"Matériel pour manifestations, locaux"
"OFFICE AQUITAIN RECHERCHES, ETUDES, INFORMATION ET LIAISON SUR PROBLEMES PERSONNES AGEES - OAREIL",200.00,Locaux
OGEC LYCEE BEL ORME,"120,000.00",
OGEC SAINTE THERESE,"1,500.00",
OLA,"2,000.00",
ONG QUISHUAR,0.00,Locaux
OPERA BASTIDE,0.00,Locaux
OPERA PAGAI,"16,000.00",
OPUS 33,0.00,Locaux
ORGAN PHANTOM,"16,000.00","Matériel informatique, locaux"
ORGANISATIONS POSITIVES DU SUD OUEST,0.00,Locaux
OSEZ LE FEMINISME 33 !,0.00,Locaux
"OSONS, ICI ET MAINTENANT (OIM)","1,000.00",Locaux
OUVRE LE CHIEN (DANS L'IMMEDIAT),"27,000.00",
OXYJEN',0.00,Locaux
OZIMAGES,"3,700.00",Locaux
P'TIT BOUT'CHOU,"567,000.00",Matériel pour manifestations
PAINTING BORDEAUX,"7,000.00",
PARALLELES ATTITUDES DIFFUSION - ROCKSCHOOL,"238,200.00","Communication, matériel pour manifestations, locaux"
PARLECOUTER,0.00,Locaux
PARRAINAGE 33,"1,000.00",Locaux
PART-AGE,0.00,Locaux
PARTAGE BORDEAUX GIRONDE,0.00,Locaux
PARTI OUVRIER INDEPENDANT DEMOCRATIQUE DE LA GIRONDE - POID33,0.00,Locaux
PASSERELLES ET COMPETENCES,0.00,Locaux
PAUSE-CAFE,0.00,Matériel pour manifestations
PENA MADRIDISTA DE BORDEAUX,0.00,Equipements sportifs
PEP'S BAND,"1,500.00",
PERES & FILS RUGBY 33,0.00,Equipements sportifs
PERMANENCES DE LA LITTERATURE,"5,000.00",Communication
PETANQUE BACALANAISE,0.00,"Matériel pour manifestations, locaux"
PETANQUE CLUB EMILE COMBES,500.00,Locaux
PETANQUE-CLUB DES TROIS,0.00,"Matériel pour manifestations, locaux"
PETITES SOEURS DES PAUVRES,"1,500.00",Matériel pour manifestations
"PETRONILLE, PATRIMOINE ET DECOUVERTE","3,500.00",Locaux
PHENIX DE BELCIER,0.00,Locaux
PHENIX ECOUTE ET PAROLES,"2,500.00",Locaux
PHILOSPHERES,"3,000.00","Matériel pour manifestations, locaux"
PHOTO CLUB DE BORDEAUX,0.00,Locaux
PICTUR'ART,0.00,Locaux
PIZZICATI,0.00,Matériel pour manifestations
PLAN INTERNATIONAL FRANCE - PLAN FRANCE,0.00,"Matériel pour manifestations, locaux"
PLUME PALETTE,"4,000.00",
PMI FRANCE CHAPTER - BRANCHE NOUVELLE AQUITAINE,0.00,Locaux
"POLAR EN CABANES - LES AMIS DE CHESTER HIMES EN AQUITAINE, A ARCACHON ET SUR LE BASSIN (ACHAAB)",500.00,Matériel pour manifestations
POLE D'ENSEIGNEMENT SUPERIEUR DE LA MUSIQUE ET DE LA DANSE DE BORDEAUX AQUITAINE - PESMD,"337,986.00",
POLE MAGNETIC,"30,000.00","Matériel pour manifestations, locaux"
POLIFONIA ELIANE LAVAIL,0.00,Locaux
POUR L'AMOUR DES ANIMAUX,"1,000.00",
POUR UNE EDUCATION BIEN-VEILLANTE,0.00,Locaux
PREMICES,0.00,Locaux
PRISME,0.00,Locaux
PROF'APA,0.00,Equipements sportifs
PROLOGUE,900.00,"Matériel pour manifestations, locaux"
PROMO-FEMMES SAINT MICHEL,"31,500.00",Locaux
PROXIMA CENTAURI,"10,000.00",Locaux
QUATUORS A BORDEAUX,"5,000.00","Communication, locaux"
QUETZALCOATL,0.00,Locaux
R'2 JEUX (RECYCLAGE DE JEUX),"3,500.00","Matériel pour manifestations, locaux"
RACING CLUB DE BORDEAUX METROPOLE,"22,520.00","Matériel pour manifestations, équipements sportifs"
RADIO CHU,"1,700.00",Locaux
RAGNAROCK,0.00,Locaux
RECUP'R,"7,560.00",Matériel pour manifestations
REG'ARTS D'AILLEURS,0.00,Matériel pour manifestations
REGARD 9 - AGENCE METROPOLITAINE DE LA BANDE DESSINEE,"20,000.00","Communication, matériel pour manifestations, locaux"
REGGAE SUN SKA,0.00,Matériel pour manifestations
REGIE DE QUARTIER HABITER BACALAN,"47,500.00",Locaux
RELAIS AMICAL MALAKOFF MEDERIC BORDEAUX AQUITAINE,0.00,Locaux
RENAISSANCE DE L'ORGUE A BORDEAUX,"6,000.00",Locaux
RESEAU ALTERNATIF CULTUREL ET ARTISTIQUE INTERNATIONAL,"4,000.00",
RESEAU AQUITAIN DEVELOPPEMENT SOLIDARITE INTERNATIONALE,"30,192.00",
RESEAU D'ECHANGES INTERCULTURELS,"2,500.00",
RESEAU ENTREPRENDRE AQUITAINE,"10,000.00",Locaux
RESEAU FRANCAIS DES ETUDIANTS POUR LE DEVELOPPEMENT DURABLE - REFEDD,0.00,Locaux
RESEAU FRANCAIS SUR L’ENTENTE DE VOIX (REV FRANCE),0.00,Locaux
RESEAU PAUL BERT CENTRE SOCIAL ET CULTUREL,"67,600.00",
RESEAU « AGIR 33 » - RESEAU ADDICTIONS GIRONDE,0.00,"Matériel pour manifestations, locaux"
RESEAUX ADOS GIRONDE,0.00,Locaux
RESISTANCE GABONAISE DE BORDEAUX (RG33),0.00,Locaux
RESTAURANTS DU COEUR - RELAIS DU COEUR DE LA GIRONDE,"10,000.00","Matériel pour manifestations, locaux"
RESTONS CALMES ! (DANS LA DIGNITE),0.00,"Matériel pour manifestations, locaux"
REZ DE CHAUSSEE,"3,000.00",
RICOCHET SONORE,"13,000.00",
RIRE A BORDEAUX,640.00,
ROCK'N SWING CLUB,0.00,Locaux
ROLLER DERBY BORDEAUX CLUB,0.00,Matériel pour manifestations
ROTARY CLUB BORDEAUX-EST,0.00,Locaux
ROTARY CLUB DE BORDEAUX-OUEST,0.00,"Matériel pour manifestations, locaux"
ROTARY-CLUB DE BORDEAUX-NORD,0.00,Locaux
ROTARY-CLUB DE BORDEAUX-SUD,0.00,Locaux
ROTEX 1690,0.00,Locaux
RUDEBOYZ RECORDS,0.00,Matériel pour manifestations
RUE BOUFFARD ASSOCIATION DES COMMERÇANTS,"5,487.00",Matériel pour manifestations
RUELLE (RELAIS URBAIN D'ECHANGES ET DE LUTTE CONTRE L'EXPLOITATION),"2,000.00",Locaux
RUGBYTOTS,"1,000.00",Equipements sportifs
S.A.D.I. QUARTIER BORDEAUX SAINT GENES,"1,150.00",
SAAPERLIPOPETTE,0.00,Locaux
SAINT AUGUSTIN 2015,"4,200.00","Matériel pour manifestations, locaux"
SAINT CHRISTOLY GIE,"4,400.00",
SAINT MARTIN BORDEAUX CULTURAL CONNECTIONS,0.00,Locaux
SALAM,0.00,Locaux
SAMBA MWANAS (SAMBAMWANAS),0.00,Locaux
"SARAH (HABITAT POUR ACTIFS ET RETRAITES, AUTONOMES ET SOLIDAIRES)",0.00,Locaux
SASP JSA BORDEAUX METROPOLE,"200,000.00",
SASP UNION BORDEAUX BEGLES,"450,000.00",
SAUVAGE GARAGE,0.00,Locaux
SAVATE BOXE FRANÇAISE DE BORDEAUX - SBFB,"1,000.00",Equipements sportifs
SCOUTS ET GUIDES DE FRANCE,0.00,Locaux
SCOUTS ET GUIDES DE FRANCE -- GROUPE MARIN DE BORDEAUX,0.00,Matériel pour manifestations
SE CANTO BASTIDE,0.00,Locaux
SECOURS CATHOLIQUE-CARITAS FRANCE (DELEGATION DE LA GIRONDE),0.00,"Communication, matériel pour manifestations, locaux"
SECUCAF BORDEAUX FOOTBALL D'ENTREPRISE,0.00,Equipements sportifs
SEMER LE DOUTE ,"72,000.00","Communication, matériel pour manifestations,"
SENIORS SOURDS DE LA GIRONDE,0.00,Matériel pour manifestations
SENSECUBE,0.00,Locaux
SEW & LAINE,"9,000.00",
SHAKE & FIT,0.00,Locaux
SIDACTION,0.00,Communication
SLAPZINE,500.00,
SLOT RACING CLUB DE BORDEAUX - SRCB,0.00,Equipements sportifs
SMA - SKATE MACHINE ARSACAISE,0.00,Matériel pour manifestations
SMART COMPAGNIE,"8,815.00","Matériel pour manifestations, locaux"
SO COOPERATION,0.00,Locaux
SOCIETE ARCHEOLOGIQUE DE BORDEAUX,"16,770.00",Locaux
SOCIETE ASTRONOMIQUE DE BORDEAUX,300.00,
SOCIETE BORDELAISE D'AQUARELLE,0.00,Locaux
SOCIETE D'ENTRAIDE DE LA MEDAILLE MILITAIRE 12EME SECTION DE BORDEAUX,500.00,
SOCIETE D'HISTOIRE DE BORDEAUX,"2,000.00",Locaux
"SOCIETE D'HORTICULTURE, D'ARBORICULTURE ET DE VITICULTURE DE CAUDERAN","1,500.00",Locaux
SOCIETE D'HYGIENE ET DE MEDECINE DU TRAVAIL DANS LES ARMEES ET INDUSTRIES D'ARMEMENT SHMTAIA,0.00,Locaux
SOCIETE DE GEOGRAPHIE DE BORDEAUX,0.00,Locaux
SOCIETE DE SAINT-VINCENT-DE-PAUL - CONSEIL DEPARTEMENTAL DE LA GIRONDE,"9,500.00","Matériel pour manifestations, locaux"
SOCIETE DES AMIS DU MUSEE DES BEAUX-ARTS DE BORDEAUX,0.00,Locaux
SOCIETE DES BIBLIOPHILES DE GUYENNE,0.00,Locaux
SOCIETE DES MEILLEURS OUVRIERS DE FRANCE GROUPE DE LA GIRONDE,"2,100.00",
SOCIETE HIPPIQUE DE LEOGNAN,0.00,Matériel pour manifestations
SOCIETE PHILOMATHIQUE DE BORDEAUX,"12,000.00",Locaux
SOCIETE SYMPHONIQUE DE BORDEAUX CAUDERAN,0.00,Equipements sportifs
SOEURS D'ENCRE BY ROSE TATTOO,0.00,Locaux
SOLID'EARTH,0.00,Matériel pour manifestations
SOLIDARITE BAYTI,0.00,Locaux
SOLIDARITE ET PROGRES,0.00,Locaux
SOLIDARITE-LOGEMENT BORDEAUX-BOULEVARDS,0.00,Locaux
SOLIDARITES NOUVELLES FACE AU CHOMAGE - SNC,0.00,Locaux
SOLIHA UNION REGIONALE NOUVELLE AQUITAINE,0.00,Locaux
"SOLIHA, SOLIDAIRES POUR L'HABITAT, GIRONDE","72,400.00",Locaux
SOLINUM,0.00,Locaux
SONG LONG BORDEAUX,0.00,Equipements sportifs
SONS DE TOILE,"1,500.00",
SOROPTIMIST INTERNATIONAL - CLUB DE BORDEAUX METROPOLE,0.00,Locaux
SOS AMITIE - REGION DE BORDEAUX AQUITAINE,"2,000.00",Locaux
SOS PLACE GAMBETTA,"1,000.00",Locaux
"SOUTIEN, CULTURE ET LOISIRS DES MAGHREBINS ET ALGERIENS EN AQUITAINE - SCELMAA",0.00,Locaux
SOYONS LE CHANGEMENT,"2,000.00",Locaux
SPECIAL OLYMPICS FRANCE (SOF),0.00,Matériel pour manifestations
SPHERE CPP BORDEAUX,0.00,Locaux
SPORT ADDICT,"3,000.00",
"SPORT, EVOLUTION, ARTS ENERGETIQUES",0.00,Locaux
SPORTING CHANTECLER BORDEAUX NORD LE LAC ,"1,026,622.00","Matériel pour manifestations, équipements sportifs,"
STADE BORDELAIS - ASPTT ,"863,827.00","Matériel pour manifestations, équipements sportifs,"
STATION ESSENCE,0.00,Locaux
STOP AND GO DANCE 33,0.00,Equipements sportifs
STOP AUX VIOLENCES SEXUELLES - 33,0.00,Locaux
STOP HARCELEMENT DE RUE,0.00,Locaux
STREET WORKOUT BORDEAUX,0.00,Matériel pour manifestations
SUD-OUEST SOLIDARITE,0.00,Matériel pour manifestations
SUKHALI DEVELOPPEMENT LOCAL PAR LES FEMMES AU SENEGAL,0.00,Locaux
SUR NOS GARDES,0.00,Locaux
SURF INSERTION,"19,000.00",
SURFRIDER FOUNDATION EUROPE,0.00,"Communication, matériel pour manifestations, locaux"
SURVIE-GIRONDE,0.00,Locaux
SWINGTIME BORDEAUX,"2,000.00","Matériel pour manifestations, locaux"
TABLE RONDE FRANÇAISE BORDEAUX 135,0.00,Locaux
TANGO BORDEAUX,0.00,"Matériel pour manifestations, locaux"
TANGO MILONGUERO BORDEAUX,0.00,Locaux
TANGO NOMADE,0.00,Locaux
TASHI DELEK BORDEAUX ASSOCIATION GIRONDINE POUR LE TIBET,0.00,Locaux
TCHERNOBLAYE,0.00,Locaux
TEDX IN BORDEAUX,0.00,Locaux
TENNIS CLUB BORDEAUX BASTIDE,"4,000.00",Equipements sportifs
TENNIS CLUB DE BORDEAUX,0.00,"Matériel pour manifestations, locaux"
TERIYA,0.00,Locaux
TERRE ET OCEAN,"13,500.00",Locaux
THE ARTIST,"1,000.00",
THEATR'ACTION,0.00,Locaux
THEATRE DU PONT TOURNANT,"51,500.00",
THEATRE ONYX,0.00,Locaux
THEATRE POPULAIRE JOB,"8,000.00",
THEATRIUM,0.00,"Matériel pour manifestations, locaux"
THIANT GUI,0.00,Locaux
THOTH CIVILISATIONS SANS FRONTIERES,0.00,Locaux
TIBI GLORIA,0.00,Matériel pour manifestations
TOMBES DU CIEL,"6,000.00",
TOOBORDO,"1,500.00",
TOTOCHE PROD,500.00,
TOURING PEDESTRE BORDELAIS,0.00,Locaux
TOUS AZIMUTS,0.00,"Matériel pour manifestations, locaux"
TOUT ART FAIRE,"1,500.00",Locaux
TOUT CEREBROLESE ASSISTANCE,0.00,Locaux
TOUT EST POSSIBLE (TEP),0.00,Locaux
TOUT UN ART,0.00,Locaux
TRACE UNE DIAGONALE,0.00,Locaux
TRADOBORDELEAU,0.00,Locaux
TRANSFERT,"18,000.00","Matériel pour manifestations, locaux"
TRANZIT KREOL,200.00,Locaux
TRAVAUX PUBLICS COMPAGNIE,"12,000.00",
TREMPLIN UTC,0.00,Locaux
TRETEAUX DE GUYENNE,0.00,Locaux
TRISOMIE 21 AQUITAINE,0.00,Locaux
TROUPE D'IMPROVISATION THEATRALE D'AQUITAINE NOBLE SCENE (TITANS),0.00,Locaux
UKRAINE AMITIE (UA),0.00,Locaux
ULTRAS BB,200.00,
UNION AFRIQUE CARAIBES (UAC),0.00,"Matériel pour manifestations, locaux"
UNION ALCOOLIQUES ANONYMES,0.00,Locaux
UNION BEGLES BORDEAUX-MIOS BIGANOS,0.00,Equipements sportifs
UNION BORDEAUX METROPOLE - UBM,"80,300.00","Equipements sportifs, locaux"
UNION BORDEAUX NORD DES ASSOCIATIONS DE PREVENTION SPECIALISEE - UBAPS,"15,600.00","Matériel pour manifestations, équipements sportifs"
UNION DEPARTEMENTALE CONSOMMATION LOGEMENT ET CADRE DE VIE,"5,300.00",
UNION DEPARTEMENTALE DES ASSOCIATIONS DE COMBATTANTS ET VICTIMES DE GUERRE DE LA GIRONDE (UDAC),"8,000.00",
UNION DEPARTEMENTALE DES ASSOCIATIONS FAMILIALES - UDAF,500.00,Locaux
UNION DEPARTEMENTALE DES SOUS-OFFICIERS EN RETRAITE DE LA GIRONDE (UDSOR),400.00,
UNION DES ASSOCIATIONS POUR UNE MAISON DES SOURDS UAMS 33,500.00,
UNION DES FAMILLES LAIQUES DE BORDEAUX - UFAL BORDEAUX,0.00,Locaux
UNION DES TRAVAILLEURS IVOIRIENS DE FRANCE - UTIF,0.00,Locaux
UNION DES TRAVAILLEURS SENEGALAIS EN FRANCE - SCT GDE,"3,000.00",
UNION FRANCAISE POUR LA SANTE DU PIED,0.00,Locaux
UNION FRANCAISE SANTE BUCCO-DENTAIRE 33,"6,075.00",
UNION GENERALE SPORTIVE DE L'ENSEIGNEMENT LIBRE D'AQUITAINE (UGSEL),0.00,Matériel pour manifestations
"UNION GIRONDINE DES RETRAITES MILITAIRES, ANCIENS MILITAIRES ET DE LEURS CONJOINTS (URM 33)",0.00,Locaux
UNION LAIQUE DES CAMPEURS RANDONNEURS - ULCR,0.00,Locaux
UNION LOCALE DE LA CONSOMMATION DU LOGEMENT ET CADRE DE VIE DE BORDEAUX RIVE DROITE - CLCV,0.00,Locaux
UNION NATIONALE DE FAMILLES ET AMIS DE PERSONNES MALADES,500.00,
UNION NATIONALE DES AMIS ET FAMILLES DE MALADES PSYCHIQUES - UNAFAM,0.00,Locaux
UNION NATIONALE DES COMBATTANTS DE BORDEAUX RIVE-DROITE - UNC,400.00,Locaux
UNION NATIONALE DES COMBATTANTS DE BORDEAUX-CAUDERAN-LE BOUSCAT (UNC),0.00,Locaux
UNION NATIONALE DES COMBATTANTS DE BORDEAUX-CAUDERAN-LE BOUSCAT (UNC),950.00,
UNION NATIONALE DES COMBATTANTS DU DEPARTEMENT DE LA GIRONDE,0.00,Locaux
UNION REGIONALE D'AQUITAINE DE L'UNION EUROPEENNE FEMININE SECTION FRANÇAISE,750.00,
UNION REGIONALE DES CENTRES D'INFORMATION SUR LES DROITS DES FEMMES ET DES FAMILLES,0.00,Locaux
UNION REGIONALE DES INGENIEURS ET DES SCIENTIFIQUES D'AQUITAINE - URISA,"1,500.00",Locaux
UNION REGIONALE POUR L’HABITAT DES JEUNES D’ AQUITAINE (URHAJ AQUITAINE),0.00,Locaux
UNION SAINT JEAN - MAISON DE QUARTIER ,"750,595.00","Matériel pour manifestations, équipements sportifs,"
UNION SAINT-BRUNO ,"1,495,999.00","Matériel pour manifestations, équipements sportifs,"
UNION SPORTIVE JEUNES DE SAINT-AUGUSTIN - CLUB PYRENEES-AQUITAINE (US JSA-CPA),"17,000.00",Equipements sportifs
UNION SPORTIVE LES CHARTRONS ,"980,549.00","Matériel pour manifestations, équipements sportifs,"
UNIS CITE,"105,000.00",Locaux
UNISPHERES,"4,000.00",
UNIVERSEUL,0.00,Locaux
UNIVERSITE POPULAIRE DE BORDEAUX - UPB,0.00,Locaux
URBAN VIBRATIONS SCHOOL,"40,250.00",Matériel pour manifestations
USEP BORDEAUX BENAUGE,"4,940.00",
USEP ELEMENTAIRE FLORNOY,"3,558.00",
UTOPIA COLLECTIF CINEMA,"1,500.00",Locaux
"V'INSEEC BORDEAUX, VINS ET SPIRITUEUX",0.00,Matériel pour manifestations
VA K BAND,0.00,Locaux
VACANCES ANIMATION LOISIRS TOURISME 33 - VALT 33,0.00,Locaux
VARIETES CLUB DE BORDEAUX - VCB,0.00,Equipements sportifs
VELO CITE,"3,000.00","Communication, matériel pour manifestations, locaux"
VELOPHONIE,700.00,
VERS LA CONNAISSANCE DE SOI,0.00,Locaux
VERY CHEAP PRODUCTION (VCP),0.00,Locaux
VIE ET TRAVAIL A BORDEAUX BACALAN,0.00,"Matériel pour manifestations, locaux"
VIE LIBRE,500.00,Locaux
VILLA 88,0.00,Matériel pour manifestations
VILLA PRIMROSE ,"126,000.00","Communication, matériel pour manifestations,"
VILLAGE D'AUDEGE,0.00,Matériel pour manifestations
VILLAGE DE LA GROSSE CLOCHE,"9,800.00",Matériel pour manifestations
VISIONS CROISEES,0.00,Locaux
VISIONS PARTAGEES,0.00,Locaux
VISITE DES MALADES DANS LES ETABLISSEMENTS HOSPITALIERS DU DEPARTEMENT DE LA GIRONDE - VMEH,500.00,Locaux
VIVONS LA BASTIDE,0.00,"Matériel pour manifestations, locaux"
VIVRE A CAUDERAN,"5,000.00",Matériel pour manifestations
VIVRE AVEC - SOLIDARITES INTERGENERATIONNELLES,"1,500.00",Locaux
VIVRE SANS THYROIDE,0.00,Locaux
VOVINAM VIET VO DAO - CLUB DE BORDEAUX CHAUFFOUR,0.00,Equipements sportifs
WA TID SAOU ALLONS DANSER,"7,000.00",Locaux
WEJOB,500.00,Locaux
WELCOME BORDEAUX (RESEAU D'HOSPITALITE POUR DES DEMANDEURS D'ASILE DANS LA REGION DE BORDEAUX),0.00,Locaux
WIMOOV,"5,000.00",Locaux
WINTEGREAT,"1,000.00",Locaux
"WISE SCA (WELSH, IRISH, SCOTTISH & ENGLISH SPORTING & CULTURAL ASSOCIATION)",0.00,Equipements sportifs
WUNDERSTUDIO,"2,000.00",
WWW.AV-LO.COM,0.00,Matériel pour manifestations
YA DE LA JOIE DE VIVRE,300.00,
YAKAFAUCON,"21,000.00","Matériel pour manifestations, locaux"
YAWATA ASSOCIATION DES ECHANGES DE PROCEDES ARTISTIQUES,"11,800.00",Locaux
YOBALEMA,0.00,"Matériel pour manifestations, locaux"
YOGA ET YOGA,0.00,Locaux
YOGALBEDO (ASSOCIATION DE KUNDALINI YOGA),0.00,Locaux
YOGHINY,0.00,Equipements sportifs
ZANSHIN CLUB,0.00,Equipements sportifs
ZAZOUS PRODUCTIONS,"3,000.00",
ZEBRA 3,"17,000.00",Locaux
ZEKI,"14,000.00",
ZUP DE CO,0.00,Locaux
Ô PLAFOND Entreprises,"5,000.00",
ADOMA,0.00,Matériel pour manifestations
BORDEAUX Y NOV CAMPUS,0.00,Equipements sportifs
EBS LE RELAIS VAL DE SEINE - LE RELAIS GIRONDE,0.00,Matériel pour manifestations
EUTERPE PROMOTION,0.00,Communication
INSTANTS BORDELAIS,0.00,Matériel pour manifestations
L'INSTITUT BORDELAIS DE STYLISME MODELISME,0.00,Matériel pour manifestations
OBOEM,0.00,Communication
OWENZA,0.00,Matériel pour manifestations
SOCIETE EDITRICE DU MONDE,0.00,Communication
THEATRE NATIONAL DE BORDEAUX EN AQUITAINE - TNBA,"1,660,153.00",Communication
UNION COOP DE LA PAGE BLANCHE Personnes physiques,0.00,Equipements sportifs
BORDEAUX MECENES SOLIDAIRES,0.00,Locaux
FEDERATION SYNDICALE UNITAIRE 33 - FSU 33,0.00,Matériel pour manifestations
QUOY SYGRID,0.00,Equipements sportifs
SOLIDAIRES SUD EMPLOI AQUITAINE Personnes de droit public,0.00,Locaux
DEPARTEMENT DE LA GIRONDE Communes,0.00,Equipements sportifs
BORDEAUX METROPOLE,"5,000.00",
FONDATION D'AUTEUIL AQUITAINE,"53,250.00","Matériel pour manifestations, locaux"
FOYER SOCIO-EDUCATIF HORTICOLE,"7,000.00",
INSTITUT DE JOURNALISME BORDEAUX AQUITAINE,0.00,Equipements sportifs
LYCEE PROFESSIONNEL JEHAN DUPERIER,"13,003.28",
LYCEE VITICOLE-CFPPA CHATEAU DILLON (EPLEFPA),"44,521.21",
OPERA NATIONAL DE BORDEAUX,"16,115,663.00",
UNIVERSITE DE BORDEAUX Autres,"6,700.00","Communication, équipements sportifs"
CCAS DE BORDEAUX,"7,823,937.00",
CHAMBRE DE COMMERCE D'INDUSTRIE TERRITORIALE BORDEAUX GIRONDE,"30,000.00",
ECOLE D'ENSEIGNEMENT SUPERIEUR D'ART DE BORDEAUX - ESAB,"3,140,000.00",
ECOLE NATIONALE SUPERIEURE D'ARCHITECTURE ET DE PAYSAGE DE BORDEAUX - ENSAP,0.00,Matériel pour manifestations
GROUPEMENT D'INTERET PUBLIC BORDEAUX MEDIATION,"290,000.00",
MUSEE DES DOUANES,0.00,Communication