"""BAMBINO BERTHELOT"" ASSOCIATION DE PARENTS D'ELEVES DE","0,00",Locaux
L'ECOLE MATERNELLE BERTHELOT A BORDEAUX,,
1001 JEUNES BORDELAIS,"0,00",Matériel pour manifestations
2AA,"0,00",Locaux
2SI2LA,"0,00",Locaux
4 CATS,"0,00",Locaux
5UN7,"1 000,00",
60 000 REBONDS,"1 800,00",
9-33,"19 000,00","Communication, locaux"
A L EAU MUSIC,"500,00",
A PART ENTIERE,"2 000,00",
A PETIT PAS,"3 000,00",
A TRAVERS CHANT,"0,00",Locaux
A2RUNNING,"0,00",Locaux
ABALONE CHASSE BORDEAUX,"0,00","Locaux, équipements sportifs"
ABEILLES BORDELAISES,"0,00",Locaux
ACADEMIE BUSHIKAI KARATE DO,"0,00",Equipements sportifs
"ACADEMIE DES SCIENCES, BELLES LETTRES ET ARTS DE","7 600,00","Locaux, matériel pour manifestations"
BORDEAUX,,
ACADEMIE PROSPECTIVE NOUVELLES TECHNOLOGIES,"0,00",Locaux
ACADEMIE YOUNUS,"22 000,00","Locaux, équipements sportifs, matériel pour"
"",,manifestations
ACCOMPAGNEMENT ET RECHERCHE PSYCHO-SOCIO EDUCATIFS,"0,00",Locaux
POUR LES JEUNES (ARPEJE),,
ACCOMPAGNEMENT PSYCHOLOGIQUE ET MEDIATION,"5 000,00",
INTERCULTURELLE - AMI,,
ACCOMPAGNER CONDUIRE TRANSMETTRE - ACT,"300,00",Locaux
ACCORDERIE BORDEAUX SUD,"4 500,00",Locaux
ACHATS GROUPES ASSOCIATIF POUR L'ECONOMIE SOLIDAIRE DE,"0,00",Locaux
BORDEAUX - AGAPES,,
"ACIDD, ASSOCIATION COMMUNICATION ET INFORMATION POUR LE","10 000,00",Locaux
DEVELOPPEMENT DURABLE,,
ACINQBYS_ESPACE 29 A5BIS,"22 000,00",
ACTA GIRONDE - AGIR CONTRE LA TORTURE DES ANIMAUX,"0,00",Locaux
ACTIFS 33,"2 400,00",
ACTIMAGE,"6 500,00",
ACTION CONTRE LA FAIM,"0,00",Locaux
ACTION INTERNATIONALE POUR LA PAIX ET LE DEVELOPPEMENT,"0,00",Locaux
AD LUCEM THEATRE,"0,00",Locaux
ADDAH 33,"500,00",
ADORA,"5 000,00",Locaux
ADRIA,"1 500,00",
AEP SAINT PROJET,"0,00",Matériel pour manifestations
AFRICAFRANCE,"1 500,00",
AGENCE D'URBANISME BORDEAUX METROPOLE AQUITAINE,"60 000,00",
"(A'URBA)",,
AGENCE LOCALE DE L'ENERGIE ET DU CLIMAT (ALEC),"6 000,00",Locaux
AGENCE REGIONALE DE SANTE NOUVELLE AQUITAINE,"0,00",Matériel pour manifestations
AGIR POUR UN COMMERE EQUITABLE ET SOLIDAIRE EN AQUITAINE -,"500,00",
ACESA,,
AGORA DES ARTS,"5 000,00",Matériel pour manifestations
AIDE AUX AIDANTS DU PAVILLON,"2 000,00",
AIDES AQUITAINE,"5 500,00",
AIGUILLES ET CALAME,"0,00",Locaux
AIKIDO BORDEAUX BASTIDE,"2 000,00",Equipements sportifs
AIM ACTIONS INTER MEDIATION,"20 060,00",
AIR ROLLER (ATTENTION INERTIE RENOUVELABLE),"11 000,00","Locaux, équipements sportifs"
ALAM AMIS DU LIVRE ANCIEN ET MODERNE,"0,00","Locaux, matériel pour manifestations"
ALGERIENS DE L'AQUITAINE,"0,00",Locaux
"ALLIANCE DEPARTEMENT 33, JUSQU'AU BOUT ACCOMPAGNER LA","4 500,00",Locaux
VIE...,,
ALLIANCE FRANCAISE DE BORDEAUX AQUITAINE,"0,00",Locaux
ALPTIS,"0,00",Locaux
ALTER INSERTION,"0,00",Matériel pour manifestations
AMADEUS,"1 000,00",
AMBASSADE REGIONALE DES CONFRERIES DE PRODUITS DE,"500,00",
TERROIR ET DU GOUT,,
AMELIORATION DES CONDITIONS DE VIE DES ENFANTS,"571,00",
ADOLESCENTS HOSPITALISES,,
AMEPI,"0,00",Locaux
AMICALE BORDELAISE TRACTION AVANT CITROEN,"0,00",Locaux
AMICALE COMORIENNE DE BORDEAUX,"0,00",Locaux
AMICALE DE LA RESIDENCE DU LAC,"0,00",Locaux
AMICALE DES ANCIENS DE LA LEGION ETRANGERE,"1 000,00",
AMICALE DES ANCIENS DE MARIE-BRIZARD - AAMB,"0,00",Locaux
AMICALE DES ANCIENS DES NOUVELLES GALERIES DE BORDEAUX,"0,00",Locaux
AMICALE DES ANCIENS DES TROUPES DE MARINE DE BORDEAUX ET,"500,00",
D'AQUITAINE,,
AMICALE DES ANCIENS GUERILLEROS ESPAGNOLS EN FRANCE-FFI -,"0,00",Locaux
SECTION DE LA GIRONDE,,
AMICALE DES AVEYRONNAIS DE BORDEAUX ET GIRONDE,"0,00",Locaux
AMICALE DES ETABLISSEMENTS SCOLAIRES LAIQUES DE BACALAN -,"82 238,00","Locaux, équipements sportifs, matériel pour"
ALB,,manifestations
AMICALE DES LOCATAIRES DU PORT DE LA LUNE,"4 000,00",
AMICALE DES PARACHUTISTES DU SUD-OUEST,"300,00",
AMICALE DES PARENTS D'ELEVES DE L'ECOLE STEHELIN,"8 605,00",
"AMICALE DES PHILIPPEVILLOIS, CONSTANTINOIS ET LEURS AMIS -","0,00",Locaux
APCA,,
AMICALE DES RETRAITES U.G.R.R. - I.S.I.C.A. DE BORDEAUX,"0,00",Locaux
AMICALE DU PATRONAGE LAIQUE ET DU CONSEIL DE PARENTS,"1 000,00",Matériel pour manifestations
D'ELEVES DU GROUPE SCOLAIRE NUYENS,,
AMICALE LAIQUE BORDEAUX CENTRE,"2 500,00","Locaux, équipements sportifs"
AMICALE LAIQUE DAVID JOHNSTON LAGRANGE ALBERT BARRAUD,"450 195,00",Equipements sportifs
NAUJAC,,
AMICALE LAIQUE DU GROUPE SCOLAIRE LEONARD-LENOIR -,"0,00",Equipements sportifs
MONTAUD - NUITS,,
AMICALE LAIQUE LEONARD LENOIR,"0,00",Locaux
AMICALE NATIONALE DES RETRAITES DE L'AUDIOVISUEL,"0,00",Locaux
AMIS D'ARS ET FIDES BORDEAUX,"2 000,00",Locaux
AMIS D'ICI ET D'AILLEURS,"750,00",Locaux
AMIS DE L'HOTEL DE LALANDE,"3 109,00",
AMIS DE L'ORCHESTRE D'HARMONIE DE BORDEAUX,"11 011,00",
AMIS DU CAPC MUSEE,"0,00",Matériel pour manifestations
AMITIES FRANCAISES,"0,00",Locaux
AMITIES GENEALOGIQUES BORDELAISES,"0,00",Locaux
AMNESTY INTERNATIONAL GROUPE 234 DE BORDEAUX CENTRE,"0,00","Locaux, matériel pour manifestations"
AMOR DEL TANGO,"0,00",Locaux
AMOS,"15 000,00",
ANCIENS BASTIDIENS-CLUB,"0,00",Locaux
ANIMATIONS VILLAGE SAINT-SEURIN,"0,00",Matériel pour manifestations
ANPAA - ASSOCIATION NATIONALE DE PREVENTION EN,"30 000,00",Locaux
ALCOOLOGIE ET EN ADDICTOLOGIE,,
APEC (33PASSAJE ),"1 500,00",
APNEE 33,"0,00",Equipements sportifs
APPEL DES CENT POUR LA PAIX COLLECTIF BORDELAIS,"0,00","Locaux, matériel pour manifestations"
APPRENDRE AVEC MONTESSORI AUJOURD'HUI,"0,00",Locaux
APPRENTIS D'AUTEUIL - DELEGATION AQUITAINE,"0,00",Matériel pour manifestations
APPRENTISSA'JEU,"3 000,00",
APSARAS,"7 932,00",
AQUATIC BORDEAUX CAUDERAN CLUB - AB2C,"0,00","Locaux, équipements sportifs"
AQUINUM - ASSOCIATION DES PROFESSIONNELS DU NUMERIQUE,"21 000,00","Locaux, matériel pour manifestations"
EN AQUITAINE,,
AQUITAINE ACTIVE,"7 500,00",
AQUITAINE CULTURE,"2 700,00",
AQUITAINE PARTAGE,"2 500,00",
AQUITAINE PLONGEE SPORT NAUTIQUE APSN,"0,00",Equipements sportifs
AQUITAINE PREFI-CRESS,"0,00",Locaux
AQUITEC,"12 000,00",Matériel pour manifestations
AR'KHAN,"4 000,00",
ARC EN REVE,"752 250,00","Communication, matériel pour manifestations, locaux"
ARC'ANGECIEL VOYAGES,"0,00",Locaux
ARCHIMUSE - BORDEAUX,"0,00",Matériel pour manifestations
AREPT,"0,00",Locaux
ARESVI,"9 880,00",
ART EN ACTION - TIC-TAC THEATRE,"0,00",Locaux
ART EN PRODUCTION,"0,00",Locaux
ART MEDIUM EN SCENES,"0,00",Locaux
ART PASTEL,"0,00",Matériel pour manifestations
ARTISANS DU MONDE BORDEAUX,"0,00",Matériel pour manifestations
ARTS CROISES,"0,00",Locaux
ARTS ET COMMUNICATION DU MONDE - ACM,"0,00","Locaux, matériel pour manifestations"
ARTS ET LETTRES DE FRANCE ASSOCIATION CULTURELLE,"0,00",Locaux
INTERNATIONALE,,
ARTS ET SCIENCES,"0,00",Locaux
ARTS MARTIAUX ET BIEN ETRE,"0,00","Locaux, équipements sportifs"
ARTS MARTIAUX SHAOLIN BORDEAUX,"1 000,00",Equipements sportifs
ARTS MARTIAUX TRADITIONNELS BORDELAIS,"0,00",Equipements sportifs
"ASAD DE BORDEAUX, ASSOCIATION SERVICES D’AIDE A DOMICILE","0,00",Locaux
DE BORDEAUX,,
ASC BNP PARIBAS BX TT,"0,00",Equipements sportifs
ASPER 33,"0,00",Locaux
ASPOM JUDO CLUB,"4 850,00",
"ASSOCIATION ""LA BOULANGERIE""","0,00","Locaux, matériel pour manifestations"
ASSOCIATION AFRICAN SOLIDARITE FRANCE (AASF),"0,00",Locaux
ASSOCIATION ALCHIMIST,"15 280,00",
ASSOCIATION AMITIE LAO MEKONG DE LA GIRONDE,"0,00",Locaux
ASSOCIATION AQUITAINE DE QUILLES FINLANDAISES (QUIF),"0,00",Locaux
ASSOCIATION ARTS & RENCONTRES,"0,00",Locaux
ASSOCIATION AUTONOME DES PARENTS D'ELEVES DE BORDEAUX :,"0,00",Locaux
ECOLES JEAN COCTEAU,,
ASSOCIATION BI-IZARRAK (LES DEUX ETOILES),"0,00",Locaux
ASSOCIATION BORDEAUX - USA,"0,00",Matériel pour manifestations
ASSOCIATION BORDEAUX CULTURE GRAPPLING (ABC GRAPPLING),"0,00",Equipements sportifs
ASSOCIATION BORDEAUX GAMES,"3 220,00",
ASSOCIATION BORDEAUX QUINCONCES,"0,00","Communication, matériel pour manifestations"
ASSOCIATION BORDEAUX-COMPOSTELLE HOSPITALITE,"3 500,00",Locaux
SAINT-JACQUES,,
ASSOCIATION BORDEAUX-TANESSE,"0,00",Matériel pour manifestations
ASSOCIATION BORDELAISE DE TAEKWONDO INTERNATIONAL,"0,00",Equipements sportifs
ATLANTICA,,
ASSOCIATION BRINS D'EVEIL,"532 800,00",
ASSOCIATION BULGARE CULTURELLE - ABC,"0,00",Locaux
ASSOCIATION COEXISTER,"2 000,00",Locaux
ASSOCIATION COMUNIDAD,"0,00",Locaux
ASSOCIATION CONTRE LA TUBERCULOSE ET LES MALADIES,"0,00","Locaux, matériel pour manifestations"
ENDEMIQUES - ACTUME,,
ASSOCIATION COOPERATIVE DE L'INSTITUT UNIVERSITAIRE DE,"0,00",Locaux
TECHNOLOGIE,,
ASSOCIATION CREMATISTE DE LA GIRONDE,"0,00",Matériel pour manifestations
ASSOCIATION CULTURE ET MUSIQUE DE L'ESTUAIRE - ACME,"0,00",Matériel pour manifestations
ASSOCIATION CULTURELLE DES ALEVIS DE GIRONDE,"0,00",Locaux
ASSOCIATION CULTURELLE DES ELEVES DU LYCEE MONTESQUIEU -,"0,00",Locaux
ACELM,,
ASSOCIATION CULTURELLE DES KABYLES DE BORDEAUX (ACKB),"0,00",Locaux
ASSOCIATION CULTURELLE DU MARCHE DES CHARTRONS,"5 500,00",Locaux
ASSOCIATION D'AQUITAINE DES AMIS D'ALGERIANIE,"0,00",Locaux
ASSOCIATION DAVID ET JONATHAN,"0,00",Locaux
ASSOCIATION DE CARDIOLOGIE D'AQUITAINE,"0,00",Matériel pour manifestations
ASSOCIATION DE DEFENSE DES INTERETS DU QUARTIER DE,"300,00",Locaux
BACALAN - ADIQ,,
ASSOCIATION DE DEFENSE DES MUSIQUES ALTERNATIVES EN,"50 580,00","Communication, matériel pour manifestations"
AQUITAINE - ADMAA (ALLEZ LES FILLES),,
ASSOCIATION DE DEFENSE DES RESIDENTS DE LA GALERIE,"0,00",Locaux
"(ADREGA)",,
ASSOCIATION DE DEVELOPPEMENT NATUREL (A.D.N.),"0,00",Locaux
ASSOCIATION DE FAMILLES DE TRAUMATISES CRANIENS AVENIR -,"0,00","Locaux, matériel pour manifestations"
AFTC AVENIR,,
ASSOCIATION DE GESTION DES CENTRES PSYCHANALYTIQUES DE,"4 000,00",Locaux
CONSULTATIONS ET DE TRAITEMENT (CPCT),,
ASSOCIATION DE GESTION ET D'ANIMATION DES CRECHES C.S.F.,"512 833,33",
"(AGEAC/CSF)",,
ASSOCIATION DE L'AIDE FAMILIALE POPULAIRE - U.D.C.S.F.,"0,00",Locaux
ASSOCIATION DE L'ECOLE COREENNE DE BORDEAUX - AECB,"0,00",Locaux
ASSOCIATION DE LA FONDATION ETUDIANTE POUR LA VILLE - AFEV,"0,00",Locaux
ASSOCIATION DE LA RUE NOTRE DAME DES CHARTRONS,"2 064,00","Locaux, matériel pour manifestations"
ASSOCIATION DE LOCATAIRES SEM-LM,"0,00",Locaux
ASSOCIATION DE MEDECINE PHYSIQUE ET READAPTATION,"0,00",Locaux
D'AQUITAINE (AMPRA),,
ASSOCIATION DE PARENTS D'ELEVES DE L'ENSEIGNEMENT LIBRE,"0,00",Locaux
SAINT-MICHEL/SAINT-GENES,,
ASSOCIATION DE PATIENTS POUR PREVENTION TRAITEMENT LUTTE,"0,00",Locaux
CONTRE MALADIE CHRONIQUE L'OBESITE (ALOA),,
ASSOCIATION DE PREFIGURATION DE LA COOPERATIVE DE,"0,00",Locaux
PRESTATAIRES RESPONSABLES SUD-OUEST,,
ASSOCIATION DE PREFIGURATION D’UNE PLATEFORME,"0,00",Locaux
D’AQUITAINE POUR LE COMMERCE EQUITABLE (LA PLACE),,
ASSOCIATION DE RIVERAINS BASTIDE-ID,"0,00",Locaux
ASSOCIATION DE SOLIDARITE AVEC TOUS LES IMMIGRES -,"4 000,00",Locaux
BORDEAUX (ASTI BORDEAUX),,
ASSOCIATION DE SOLIDARITE BORDEAUX,"0,00",Locaux
ASSOCIATION DE SOPHROLOGIE EXISTENTIELLE DE BORDEAUX,"0,00",Locaux
ASSOCIATION DE SOUTIEN AUX INVENTIONS LIBRES (ASIL),"15 500,00","Communication, locaux, matériel pour manifestations"
ASSOCIATION DEFENSE DES RESIDENTS DES QUARTIERS,"600,00",
BORDEAUX METROPOLE,,
ASSOCIATION DEPART. AMIS ET PARENTS DE PERS. HANDICAPEES,"0,00",Matériel pour manifestations
MENTALES - LES PAPILLONS BLANCS (ADAPEI),,
ASSOCIATION DEPARTEMENTALE APAJH DE LA GIRONDE,"0,00",Locaux
ASSOCIATION DEPARTEMENTALE DE L'OFFICE CENTRAL DE LA,"0,00",Locaux
COOPERATION A L'ECOLE DE LA GIRONDE - AD-OCCE,,
ASSOCIATION DEPARTEMENTALE DES CONJOINTS SURVIVANTS ET,"0,00",Locaux
PARENTS D'ORPHELINS DE LA GIRONDE - FAVEC 33,,
ASSOCIATION DEPARTEMENTALE DES PARENTS D'ELEVES DE,"0,00",Locaux
L'ENSEIGNEMENT PUBLIC DE LA GIRONDE - PEEP AD 33,,
ASSOCIATION DEPARTEMENTALE POUR INFORMATION AU,"3 030,00",
LOGEMENT 33 - ADIL33,,
ASSOCIATION DES AMIS D'ELIANE LAVAIL,"0,00",Locaux
ASSOCIATION DES AUDITEURS INSTITUT HAUTES ETUDES DEFENSE,"1 000,00",Locaux
NATIONALE REGION AQUITAINE - AQUI IHEDN,,
ASSOCIATION DES BROCANTEURS DES CHARTRONS - ABC,"8 907,00",Matériel pour manifestations
ASSOCIATION DES CENTRES D'ANIMATION DE QUARTIERS DE,"8 060 927,50","Communication, locaux, équipements sportifs,"
BORDEAUX - ACAQB,,matériel pour manifestations
ASSOCIATION DES CITES DU SECOURS CATHOLIQUE - DELEGATION,"0,00",Locaux
BORDEAUX,,
"ASSOCIATION DES COMMERCANTS ""BARRIERE DE PESSAC""","8 400,00",
BORDEAUX-TALENCE,,
ASSOCIATION DES COMMERCANTS BORDEAUX RIVE DROITE (BRD),"0,00",Locaux
ASSOCIATION DES COMMERCANTS CAUDERAN CENTRE,"0,00",Matériel pour manifestations
ASSOCIATION DES COMMERCANTS DE CAUDERAN SAINT AMAND,"9 400,00",
ASSOCIATION DES COMMERCANTS DE LA BARRIERE JUDAIQUE,"4 880,00",Matériel pour manifestations
ASSOCIATION DES COMMERCANTS DE LA RUE DES REMPARTS,"4 420,00",
ASSOCIATION DES COMMERCANTS DE LA RUE JJ ROUSSEAU,"2 055,00",
ASSOCIATION DES COMMERCANTS DE LA RUE SAINT-SERNIN,"2 150,00",Matériel pour manifestations
ASSOCIATION DES COMMERCANTS DE SAINT-AUGUSTIN,"7 475,00","Locaux, matériel pour manifestations"
ASSOCIATION DES COMMERCANTS DU CENTRE COMMERCIAL DES,"920,00",
BASTIDES,,
ASSOCIATION DES COMMERCANTS DU CENTRE COMMERCIAL,"4 700,00",
MERIADECK,,
ASSOCIATION DES COMMERCANTS DU GRAND PARC,"5 688,00",Matériel pour manifestations
ASSOCIATION DES COMMERCANTS ET ARTISANS DU QUARTIER,"1 500,00",
REPUBLIQUE,,
ASSOCIATION DES COMMERCANTS ET ARTISANS DU QUARTIER,"0,00","Locaux, matériel pour manifestations"
SAINT MICHEL,,
ASSOCIATION DES COMMERCANTS ET ARTISANS DU QUARTIER,"0,00",Matériel pour manifestations
STEHELIN,,
ASSOCIATION DES COMMERCANTS ET ARTISANS LES BERGES DU,"3 000,00",Matériel pour manifestations
LAC,,
ASSOCIATION DES COMMERCANTS ET PROFESSIONNELS DE L'ART,"0,00",Matériel pour manifestations
DE LA RUE BOUFFARD,,
ASSOCIATION DES COMMERCANTS ET RIVERAINS DU QUARTIER,"11 000,00",Matériel pour manifestations
VICTOIRE,,
ASSOCIATION DES COMMERCANTS ORNANO - GAVINIES - St VICTOR,"1 500,00",Matériel pour manifestations
ASSOCIATION DES COMMERCANTS RUE VOLTAIRE,"2 670,00",
ASSOCIATION DES COMMERÇANTS DU QUARTIER SAINT MICHEL,"4 000,00",
AUTOUR DE LA FLECHE,,
ASSOCIATION DES COREENS DE BORDEAUX (ACB),"0,00","Locaux, matériel pour manifestations"
ASSOCIATION DES DAMES DU CALVAIRE DE BORDEAUX - MAISON,"0,00",Locaux
DE SANTE MARIE GALENE,,
ASSOCIATION DES DONNEURS DE VOIX,"0,00",Locaux
ASSOCIATION DES ECLAIREUSES ET ECLAIREURS DE FRANCE -,"4 072,00",Matériel pour manifestations
REGION AQUITAINE,,
ASSOCIATION DES ELEVES AVOCATS ALIENOR 2015 - ADEAA,"0,00",Locaux
ASSOCIATION DES ELEVES INGENIEURS DE L'ECOLE NATIONALE,"0,00",Matériel pour manifestations
SUPERIEURE DES ARTS ET METIERS - AE ENSAM,,
ASSOCIATION DES ELEVES-AVOCATS ALIENOR 2016,"0,00",Locaux
ASSOCIATION DES ETUDIANTS EN PSYCHOLOGIE DU TRAVAIL ET,"0,00",Locaux
ERGONOMIE DES SYSTEMES,,
ASSOCIATION DES ETUDIANTS REUNIONNAIS A BORDEAUX - AERB,"0,00",Locaux
ASSOCIATION DES EXPLOITANTS DU CENTRE COMMERCIAL QUAI,"4 400,00",
DES MARQUES,,
ASSOCIATION DES FAMILLES D'ENFANTS DE LA POSTE ET,"0,00",Locaux
D'ORANGE - AFEH,,
ASSOCIATION DES GROUPES BIBLIQUES ET UNIVERSITAIRES DE,"0,00",Locaux
FRANCE - AGBUF-GBU,,
ASSOCIATION DES GUIDES INTERPRETES ET CONFERENCIERS,"0,00",Locaux
D'AQUITAINE - AGICA,,
ASSOCIATION DES MAIRES DE LA GIRONDE,"0,00",Matériel pour manifestations
ASSOCIATION DES MEMBRES LA LEGION D'HONNEUR DECORES AU,"500,00",
PERIL DE LEUR VIE SECTION AQUITAINE OUEST,,
ASSOCIATION DES MUSULMANS DE BORDEAUX NORD (A.M.B.N.),"0,00",Matériel pour manifestations
ASSOCIATION DES MUSULMANS DE LA GIRONDE,"0,00",Locaux
ASSOCIATION DES PARALYSES DE FRANCE - APF,"3 200,00",Matériel pour manifestations
ASSOCIATION DES PARENTS D'ELEVES DE L'ENSEIGNEMENT PUBLIC,"0,00",Locaux
DU LYCEE CAMILLE JULLIAN,,
ASSOCIATION DES PROFESSIONNELS AQUITAINS DE LA,"0,00",Locaux
COMMUNICATION (APACOM),,
ASSOCIATION DES PSYCHOLOGUES ETUDIANTS (APE),"400,00",Matériel pour manifestations
ASSOCIATION DES PSYCHOMOTRICIENS DE LA GIRONDE,"0,00",Locaux
ASSOCIATION DES RESIDENCES DE L'ILOT BONNAC,"0,00",Locaux
ASSOCIATION DES RETRAITES IRSEA D'AQUITAINE (A.R.I.A.).,"0,00","Locaux, matériel pour manifestations"
ASSOCIATION DES RIVERAINS DE LA PLACE MITCHELL,"0,00",Matériel pour manifestations
ASSOCIATION DES RIVERAINS DU QUARTIER ORNANO-GAVINIES,"0,00",Matériel pour manifestations
ASSOCIATION DES STAGIAIRES ET ETUDIANTS CAMEROUNAIS DE,"0,00",Locaux
BORDEAUX (ASECB),,
ASSOCIATION DES ŒUVRES GIRONDINES DE PROTECTION DE,"0,00",Locaux
L'ENFANCE,,
ASSOCIATION DU COMITE DES OEUVRES SOCIALES DES,"380 000,00",Matériel pour manifestations
MUNICIPAUX DE BORDEAUX - ACOSMB,,
ASSOCIATION DU LIEN INTERCULTUREL FAMILIAL ET SOCIAL - ALIFS,"37 000,00","Locaux, matériel pour manifestations"
ASSOCIATION DU PARC D'ACTIVITE DE BORDEAUX NORD,"2 800,00",
ASSOCIATION DU PATRIMOINE ISRAELITE D'AQUITAINE,"5 000,00",
ASSOCIATION DU PERSONNEL DE L'OPERA NATIONAL DE,"0,00","Locaux, équipements sportifs"
BORDEAUX,,
ASSOCIATION DU SOUVENIR DES FUSILLES DE SOUGE,"0,00","Locaux, matériel pour manifestations"
ASSOCIATION DU VELO TOUTES VIGNES (AVTV),"0,00",Matériel pour manifestations
ASSOCIATION ECOPOLES,"0,00",Locaux
ASSOCIATION EDUCATIVE D'INSERTION SOCIALE (AEIS),"0,00",Locaux
ASSOCIATION EKOLO[GEEK],"800,00",
ASSOCIATION EMMAUS AQUITAINE BORDEAUX FONDATEUR ABBE,"10 000,00","Communication, locaux"
PIERRE,,
ASSOCIATION EMMAUS GIRONDE,"0,00",Matériel pour manifestations
ASSOCIATION ESPACE 33,"2 000,00",
ASSOCIATION ETUDIANTE CULTURELLE BOIS DE ROSE,"0,00",Locaux
ASSOCIATION FAMILIALE CATHOLIQUE BORDEAUX SAINTE-EULALIE,"0,00",Matériel pour manifestations
VICTOIRE,,
ASSOCIATION FAMILIALE LAIQUE DE BORDEAUX NORD - AFL,"27 500,00","Locaux, matériel pour manifestations"
ASSOCIATION FORMATION ET EDUCATION PERMANENTE DE TIVOLI -,"0,00",Locaux
AFEPT,,
ASSOCIATION FRANCAISE DE PERSONNES SOUFFRANT DE,"0,00",Locaux
TROUBLES OBSESSIONNELS COMPULSIFS AFTOC,,
ASSOCIATION FRANCAISE DES FUNDRAISERS - GROUPE AQUITAINE,"0,00",Locaux
ASSOCIATION FRANCO-BRESILIENNE POUR LA RECHERCHE DE,"0,00",Equipements sportifs
L'EQUILIBRE - AFBRE,,
ASSOCIATION FRANCO-KURDE,"0,00",Equipements sportifs
ASSOCIATION France - UKRAINE,"0,00",Locaux
ASSOCIATION GENERALE DES LOCATAIRES,"0,00",Locaux
ASSOCIATION GENERALE INTERVENANTS RETRAITES POUR,"0,00",Locaux
ACTIONS BENEVOLES DE COOPERATION ET DEVELOPPEMENT,,
ASSOCIATION GENERATION DUPATY,"5 000,00",Equipements sportifs
ASSOCIATION GIRONDINE D'EDUCATION SPECIALISEE ET DE,"45 400,00",Locaux
PREVENTION SOCIALE - AGEP,,
ASSOCIATION GIRONDINE DES ACTIVITES PROTEGEES - SPORT -,"0,00",Equipements sportifs
LOISIRS (AGAP - SPORT - LOISIRS),,
ASSOCIATION GOLF D'ENTREPRISES INTER-ENTREPRISES GOLF DE,"0,00",Locaux
BORDEAUX - IEGB,,
ASSOCIATION HABILITEE DES JEUNES SAPEURS POMPIERS DE LA,"2 500,00",
BENAUGE,,
"ASSOCIATION INTERNATIONALE POUR LA CULTURE, LE","0,00",Locaux
DEVELOPPEMENT ET LA PAIX (AICDP),,
ASSOCIATION INTERPROFESSIONNELLE BIO REGIONALE,"0,00",Matériel pour manifestations
"(AQUITAINE/LIMOUSIN/POITOU-CHARENTES OU EQUIVALENT)",,
ASSOCIATION JEUNESSE FUTSAL (A.J.F.),"0,00",Equipements sportifs
ASSOCIATION JUDAIQUE ST SEURIN,"5 900,00",
ASSOCIATION L'ALTERNATIVE-KOUABO,"3 000,00",
ASSOCIATION LA COCCINELLE,"180 000,00",
ASSOCIATION LAIQUE LE PRADO,"55 000,00",
ASSOCIATION LE MERLE MOQUEUR,"0,00","Locaux, matériel pour manifestations"
ASSOCIATION LE VILLAGE BORDEAUX SUD,"800,00",Matériel pour manifestations
ASSOCIATION LEA - UNIVERSITE BORDEAUX MONTAIGNE,"0,00",Locaux
ASSOCIATION LES CREANTS,"4 000,00",Locaux
ASSOCIATION MALADIE CHRONIQUE SPORT BIEN ETRE,"0,00",Locaux
ASSOCIATION MALINE,"0,00",Locaux
ASSOCIATION MARIE DE LUZE,"0,00",Locaux
ASSOCIATION MUSICALARUE,"0,00",Matériel pour manifestations
ASSOCIATION NATIONALE DES AMIS DE JEAN MOULIN,"2 000,00",Locaux
ASSOCIATION NATIONALE DES ANCIENS ET AMIS DE L'INDOCHINE,"0,00",Locaux
ET DU SOUVENIR INDOCHINOIS,,
ASSOCIATION NATIONALE DES JEUNES ENTREPRENEURS D,"3 000,00",
AQUITAINE,,
ASSOCIATION NATIONALE DES RETRAITES DE LA POSTE ET DE,"0,00",Locaux
France TELECOM,,
ASSOCIATION NATIONALE DES RETRAITES HOSPITALIERS,"0,00",Locaux
ASSOCIATION NATIONALE DES VISITEURS DE PRISON - ANVP,"300,00",Locaux
ASSOCIATION NATIONALE LE REFUGE,"3 000,00",Locaux
ASSOCIATION NATIONALE MEMBRES DE L'ORDRE NATIONAL DU,"250,00",Locaux
MERITE - SECTION DEPARTEMENTALE DE LA GIRONDE,,
ASSOCIATION NATIONALE POUR LES ENFANTS,"0,00",Locaux
INTELLECTUELLEMENT PRECOCES DE L'AQUITAINE - ANPEIP,,
ASSOCIATION OXYGENE,"5 000,00","Locaux, matériel pour manifestations"
ASSOCIATION PALLIA PLUS,"2 500,00",Locaux
ASSOCIATION PAROLE BEGAIEMENT - APB - DELEGATION,"0,00",Locaux
DEPARTEMENTALE,,
ASSOCIATION PETITE ENFANCE ENFANCE ET FAMILLE - APEEF,"1 578 403,00","Locaux, matériel pour manifestations"
ASSOCIATION PETITS BOUCHONS,"311 500,00",
ASSOCIATION PETRONILLE,"3 000,00",
ASSOCIATION PITCHOUN,"1 735 000,00",Locaux
ASSOCIATION POUR L'ANIMATION ET LES LOISIRS DES PERSONNES,"1 500,00","Equipements sportifs, matériel pour manifestations"
AGEES - APALPA,,
ASSOCIATION POUR L'ENTRAIDE CONTRE LA RECHUTE DE,"0,00",Locaux
DEPRESSION - AERD,,
ASSOCIATION POUR L'ENVIRONNEMENT ET LA SECURITE EN,"0,00",Locaux
AQUITAINE - APESA,,
ASSOCIATION POUR L'ETUDE ET LA PREVENTION DU SUICIDE EN,"2 500,00",
AQUITAINE,,
ASSOCIATION POUR L'INNOVATION EN MATIERE D'INTEGRATION,"300 000,00",
ASSOCIATION POUR L'UNIFICATION DU DROIT DES AFFAIRES EN,"0,00",Locaux
EUROPE (AUDE),,
ASSOCIATION POUR LA CONNAISSANCE DU MONDE VEGETAL,"1 000,00",
ASSOCIATION POUR LA DEFENSE DE LA FAMILLE ET DE L'INDIVIDU,"0,00",Locaux
"(ADFI)",,
"ASSOCIATION POUR LA JEUNESSE, LES INITIATIVES ET LE RESEAU","400,00",Locaux
DE L'ENGAGEMENT - AJIRE,,
ASSOCIATION POUR LA PROMOTION DES ARTISTES ET CULTURES,"0,00",Matériel pour manifestations
DU MONDE APAC,,
ASSOCIATION POUR LA READAPTATION ET L'INTEGRATION - ARI,"500,00","Locaux, équipements sportifs"
ASSOCIATION POUR LA RECHERCHE CLINIQUE DE BORDEAUX,"0,00",Locaux
NORD - ARCBN,,
ASSOCIATION POUR LA SURVEILLANCE DE LA QUALITE DE L'AIR EN,"0,00",Locaux
AQUITAINE - AIRAQ,,
ASSOCIATION POUR LA VALORISATION EN RELATION AVEC LES,"0,00",Locaux
PROFESSIONNELS REGION AQUITAINE,,
ASSOCIATION POUR LE DEVELOPPEMENT DES ACTIVITES,"0,00",Matériel pour manifestations
PHYSIQUES ADAPTEES - ADAPA,,
ASSOCIATION POUR LE DEVELOPPEMENT L'INSERTION ET,"0,00",Locaux
L'ACCOMPAGNEMENT PERSONNES HANDICAPEES - ADIAPH,,
ASSOCIATION POUR LE DON DE SANG BENEVOLE DE BORDEAUX ET,"0,00",Locaux
ENVIRONS,,
ASSOCIATION POUR LE DROIT A L'INITIATIVE ECONOMIQUE - ADIE,"0,00",Matériel pour manifestations
ASSOCIATION POUR LES FOUILLES ARCHEOLOGIQUES NATIONALES,"0,00",Locaux
"- AFAN",,
ASSOCIATION POUR UNE EDUCATION BUISSONNIERE,"25 062,00",
ASSOCIATION PRENDRE SOIN DU LIEN - APSL,"1 500,00",Matériel pour manifestations
ASSOCIATION PROMOTION DU GRAND SAINT-MICHEL,"3 500,00",
ASSOCIATION PROMOTION INSERTION SPORT EN AQUITAINE - APIS,"37 754,00","Equipements sportifs, matériel pour manifestations"
ASSOCIATION PSYCHANALYTIQUE DES THERAPEUTES FAMILIAUX,"0,00",Locaux
D'AQUITAINE - APSYFA,,
ASSOCIATION RAYMONDE ROUSSELLE,"3 000,00",
ASSOCIATION REFEED,"1 000,00",
ASSOCIATION REGIONALE D'AQUITAINE DES COMBATTANTS,"250,00",
VOLONTAIRES DE LA RESISTANCE,,
ASSOCIATION REGIONALE DES DIPLOMES D'UNIVERSITE,"500,00",Locaux
D'AQUITAINE - ARDUA,,
ASSOCIATION RENAISSANCE DES CITES D'EUROPE,"7 000,00",Locaux
ASSOCIATION RENOVATION,"0,00","Locaux, équipements sportifs"
ASSOCIATION REPUBLICAINE DES ANCIENS COMBATTANTS ET,"400,00",Locaux
VICTIMES DE LA GUERRE - ARAC,,
ASSOCIATION RHIN ET DANUBE ANCIENS DE LA PREMIERE ARMEE,"750,00",
FRANCAISE DU DEPARTEMENT DE LA GIRONDE,,
ASSOCIATION RUN FEMINA TOUR,"0,00",Matériel pour manifestations
ASSOCIATION SALAM ET RAHMA,"800,00",
ASSOCIATION SCOLAIRE ECOLE CONDORCET 33 (ASEC 33),"500,00",
ASSOCIATION SOCIALE POUR L'EMPLOI - ASPE,"0,00",Locaux
ASSOCIATION SOCIO CULTURELLE DE L'ECOLE DE REEDUCATION,"0,00",Locaux
PROFESSIONNELLE - ASCERP,,
ASSOCIATION SOCIO CULTURELLE LE TAYTA,"0,00",Locaux
ASSOCIATION SOLIDARTE EMPLOI (ASE) - ADELPHE,"0,00",Locaux
ASSOCIATION SPORT EMPLOI,"4 000,00",
ASSOCIATION SPORTIVE BANQUE POPULAIRE DU SUD-OUEST,"0,00",Equipements sportifs
ASSOCIATION SPORTIVE CHARLES MARTIN - USEP,"27 778,00",
ASSOCIATION SPORTIVE COLBERT ASC,"0,00",Equipements sportifs
ASSOCIATION SPORTIVE COLLEGE EDOUARD VAILLANT,"500,00",
ASSOCIATION SPORTIVE CULTURELLE DU GAN (ASC GAN),"0,00",Equipements sportifs
ASSOCIATION SPORTIVE DE LA POLICE JUDICIAIRE DE BORDEAUX,"0,00",Equipements sportifs
ASSOCIATION SPORTIVE DES ANCIENS ET AMIS DE L'ECOLE,"0,00",Equipements sportifs
NORMALE D'INSTITUTEURS (ASAAENI),,
ASSOCIATION SPORTIVE DES SOURDS DE BORDEAUX - ASSB 33,"1 500,00",Equipements sportifs
ASSOCIATION SPORTIVE DU BARREAU DE BORDEAUX,"1 000,00","Equipements sportifs, matériel pour manifestations"
ASSOCIATION SPORTIVE DU GOLF DE BORDEAUX LAC,"4 600,00",Matériel pour manifestations
ASSOCIATION SPORTIVE ET CULTURELLE DE MAYOTTE,"0,00",Equipements sportifs
ASSOCIATION SPORTIVE FC PORTO DE BORDEAUX,"0,00",Equipements sportifs
ASSOCIATION SPORTIVE KASHIRA AIKIDO,"0,00",Equipements sportifs
ASSOCIATION SPORTIVE KUNG-FU WUSHU DE BACALAN,"0,00","Equipements sportifs, matériel pour manifestations"
ASSOCIATION SPORTIVE LOVENTA AUTOMATIQUE,"0,00",Equipements sportifs
ASSOCIATION SPORTIVE SALINIERES,"0,00",Equipements sportifs
ASSOCIATION TERRITOIRES ET INNOVATION SOCIALE (ATIS),"0,00",Locaux
ASSOCIATION THEATR'ACTIF,"0,00",Locaux
ASSOCIATION UNION BORDEAUX BEGLES,"50 000,00",Matériel pour manifestations
ASSOCIATION UNION NATIONALE DES COMBATTANTS DE,"500,00",Matériel pour manifestations
BORDEAUX-CENTRE,,
ASSOCIATION VENEZUELA A BORDEAUX,"0,00",Locaux
ASSOCIO ASSOCIATION DES ETUDIANTS EN SOCIOLOGIE DE,"700,00",
L'UNIVERSITE VICTOR SEGALEN,,
ASSOENCORE,"0,00","Locaux, matériel pour manifestations"
ASSOPOURQUOIPAS33,"1 700,00","Locaux, matériel pour manifestations, matériel"
"",,informatique
ASTROLABE,"153 407,00","Locaux, matériel pour manifestations"
ATELIER 14 CENTRE DE PRATIQUES ARTISTIQUES ET DE,"0,00",Matériel pour manifestations
RECHERCHES CHOREGRAPHIQUES,,
ATELIER D'ECO SOLIDAIRE,"4 550,00",Matériel pour manifestations
ATELIER D’ASTROLOGIE D’AQUITAINE,"0,00",Locaux
ATELIER GRAPHITE,"44 200,00",Locaux
ATELIER VOCAL D'AQUITAINE,"0,00",Locaux
ATELIERS LIBRES D'AQUITAINE,"0,00",Locaux
ATELIERS TLC,"0,00",Locaux
ATLANTIC OLDTIMER.COM,"0,00",Matériel pour manifestations
AU-DELA DES DUNES,"0,00",Locaux
AUDITION ET ECOUTE 33 - ASSOCIATION DES PERSONNES,"0,00",Locaux
ATTEINTES DE PATHOLOGIE AUDITIVE DE LA GIRONDE,,
AUDITION SOLIDAIRE FRANCE SENEGAL,"0,00",Locaux
AUTEUIL PETITE ENFANCE,"347 000,00",
AUTISME GIRONDE,"2 000,00",
AVANT GARDE ET JEANNE D'ARC DE BORDEAUX CAUDERAN - AGJA,"1 089 439,00","Locaux, équipements sportifs, matériel pour"
BORDEAUX CAUDERAN,,manifestations
BACALAN TENNIS CLUB - BTC,"3 000,00",Equipements sportifs
BADMINTON CLUB BARBEY,"3 000,00","Equipements sportifs, matériel pour manifestations"
BANQUE ALIMENTAIRE DE BORDEAUX ET DE LA GIRONDE,"30 500,00","Locaux, matériel pour manifestations"
BASTIDE BENAUGE FUTSAL,"3 500,00",Equipements sportifs
BASTIDE EN SCENES,"0,00",Matériel pour manifestations
BE WELL,"2 500,00",
BELLIBULLE,"0,00",Matériel pour manifestations
BENEVOLES EN ACTION,"0,00",Locaux
BETTY BLUES THEATRE ET MUSIQUE,"1 500,00",
BIBLIOTHECA,"0,00",Locaux
BIEN-ETRE & BONHEUR DE VIVRE - BBV,"0,00",Locaux
BIO D'AQUITAINE,"0,00",Locaux
BIO'GUSTIN,"0,00",Locaux
BOK DIEUF,"0,00",Locaux
BORD'EAUX LOISIR PECHE,"0,00",Matériel pour manifestations
BORDEAUX 5 DE COEUR,"1 500,00","Locaux, matériel pour manifestations"
BORDEAUX ACCUEILLE,"8 000,00","Locaux, matériel pour manifestations"
BORDEAUX AQUITAINE AERONAUTIQUE ET SPATIAL,"0,00",Locaux
BORDEAUX ATHLETIC CLUB,"13 600,00","Locaux, équipements sportifs, matériel pour"
"",,manifestations
BORDEAUX BACKGAMMON CLUB,"0,00",Locaux
BORDEAUX BASTIDE BASKET,"35 895,00","Equipements sportifs, matériel pour manifestations"
BORDEAUX BASTIDE BOXE,"2 500,00",
BORDEAUX BRIDGE CLUB ESPRIT DES LOIS,"1 000,00",
BORDEAUX CAUDERAN BRIDGE CLUB (BCBC),"0,00",Locaux
BORDEAUX CHANSON,"8 500,00",Locaux
BORDEAUX CITE TANGO BCT,"1 000,00","Locaux, matériel pour manifestations"
BORDEAUX CRITERIUM CYCLISTE INTERNATIONAL - BCCI,"2 500,00",Matériel pour manifestations
BORDEAUX DANCE'IN CLUB,"0,00","Locaux, équipements sportifs, matériel pour"
"",,manifestations
BORDEAUX DEMAIN,"0,00",Locaux
BORDEAUX ENTREPRENEURS,"21 600,00",Locaux
BORDEAUX ETUDIANTS CLUB - BEC,"223 734,00","Locaux, équipements sportifs, matériel pour"
"",,manifestations
BORDEAUX FOOTBALL AMERICAIN - LES LIONS DE BORDEAUX,"3 000,00",Equipements sportifs
BORDEAUX FUTSAL CLUB,"0,00",Locaux
BORDEAUX GIRONDE HOCKEY SUR GLACE,"30 000,00",
BORDEAUX GIRONDE INVESTISSEMENT,"198 775,00",Matériel pour manifestations
BORDEAUX GRANDS EVENEMENTS (BGE),"339 500,00","Communication, locaux"
BORDEAUX HANDISPORT TENNIS,"1 000,00",
BORDEAUX INTER CHALLENGE - BIC,"0,00",Locaux
BORDEAUX MARITIME SAUVETAGE & SECOURISME - BM2S,"3 700,00",Equipements sportifs
BORDEAUX MAYOTTE 101,"0,00",Equipements sportifs
BORDEAUX MERIGNAC VOLLEY,"80 000,00",Equipements sportifs
BORDEAUX NIHONGO HOSHU JUGYOKO (ECOLE COMPLEMENTAIRE,"0,00","Locaux, matériel pour manifestations"
JAPONAISE DE BORDEAUX),,
BORDEAUX OPEN AIR,"7 000,00",Matériel pour manifestations
BORDEAUX OPERETTES,"300,00",
BORDEAUX PALMES AVENTURE,"0,00",Equipements sportifs
BORDEAUX PIPE BAND,"500,00",
BORDEAUX ROCK,"14 500,00","Communication, matériel pour manifestations, locaux"
BORDEAUX ROLLERBLADING ASSOCIATION - BRA,"600,00",Matériel pour manifestations
BORDEAUX SERVICE SOLIDARITE,"21 000,00",
BORDEAUX SPORTS,"0,00",Communication
BORDEAUX SPORTS DE GLACE,"28 000,00",Locaux
BORDEAUX TEATRO ITALIANO BTI,"0,00","Locaux, matériel pour manifestations"
BORDEAUX WOMEN'S CLUB,"0,00",Locaux
BORDEAUX Y NOV CAMPUS,"0,00",Equipements sportifs
BORDEAUX YOUNG BUSINESS CLUB - BYBC,"1 000,00",Locaux
BORDEAUX-BASTIDE-ESCRIME,"4 000,00","Equipements sportifs, matériel pour manifestations"
BORDEAUX-GIRONDE-QUEBEC,"3 200,00",Locaux
BORDELAIS ASSOCIATIFS FALUCHARDS,"0,00",Locaux
BOULEVARD DES POTES,"0,00","Locaux, matériel pour manifestations"
BOXERS DE BORDEAUX,"283 000,00",
BOXING CLUB ALAMELE,"5 000,00",
BOXING CLUB BACALANAIS,"0,00","Locaux, équipements sportifs"
BOXING CLUB BORDELAIS,"11 500,00",Equipements sportifs
BRASS BAND BORGIAQ,"0,00",Matériel pour manifestations
BREV’ART,"4 000,00","Locaux, matériel pour manifestations, matériel"
"",,informatique
BRUIT DU FRIGO,"15 000,00",Matériel pour manifestations
BURDIGALA CORPORATION,"0,00",Matériel pour manifestations
BURDIGALA PHOTOS CLUB,"800,00","Locaux, matériel pour manifestations"
BURDIGALA SAVATE-CLUB,"0,00",Equipements sportifs
C'EST PAR ISIC (INSTIUT DES SCIENCES DE L'INFORMATION ET DE,"400,00",Locaux
LA COMMUNICATION),,
C.F.A. - CENTRE DE FORMATION ADAGE,"0,00",Locaux
C.O.D. FORMATION (FORMASUP CAMPUS),"0,00",Matériel pour manifestations
CAC33,"0,00",Locaux
CAHIERS D'ARCHIVES,"0,00",Locaux
CAISSE SOCIALE DE DEVELOPPEMENT LOCAL,"115 000,00",
CALICONTE,"0,00",Locaux
CALIXTE COEUR DE BASTIDE,"1 080,00",
CALK - COMITE D'ANIMATION LAFONTAINE KLEBER,"7 300,00","Locaux, matériel pour manifestations"
CAMPE,"2 000,00",
CAMPUS CHARTRONS,"900,00",
CANCER SUPPORT FRANCE BORDEAUX & REGION (CSF BORDEAUX,"0,00",Locaux
"& REGION)",,
CAP AND CO,"0,00",Equipements sportifs
"CAP CARREIRE : CULTURES, ANIMATIONS ET PARTAGES","0,00",Matériel pour manifestations
CAP DE VIE,"0,00",Locaux
CAP SCIENCES,"81 568,00",
CARABINS DE BORDEAUX,"0,00",Matériel pour manifestations
CARTOONING FOR PEACE,"15 000,00",
CATHEDRA,"3 000,00","Locaux, matériel pour manifestations"
CDANSLABOITE,"5 750,00",Locaux
CDISCOUNT@SPORT,"0,00",Equipements sportifs
CENTRE ACCUEIL CONSULTATION INFORMATION SEXUALITE,"2 000,00",
CENTRE ATLANTIC,"0,00",Locaux
CENTRE CULTUREL ET D'ANIMATION DES JEUNES - YAVNE,"11 620,00",
CENTRE CULTUREL TURC DE BORDEAUX ET SES ENVIRONS,"0,00",Equipements sportifs
CENTRE D'ACCUEIL D'INFORMATION ET D'ORIENTATION - CAIO,"30 000,00",Matériel pour manifestations
CENTRE D'ACTION ET DE PREVENTION CONTRE LA RADICALISATION,"10 000,00",Locaux
LIEE A L'ISLAMISME (CAPRI),,
CENTRE D'ETUDES DE L'AUTO CONNAISSANCE,"0,00",Locaux
CENTRE D'INFORMATION JEUNESSE AQUITAINE - CIJA,"49 000,00","Locaux, matériel pour manifestations"
CENTRE D'INFORMATION METAPSYCHIQUE - CDIM,"0,00",Locaux
CENTRE D'INFORMATION SUR LES DROITS DES FEMMES ET DES,"7 000,00",
FAMILLES DE LA GIRONDE,,
"CENTRE DE LIAISON DES EQUIPES DE RECHERCHE, CLER AMOUR","0,00",Locaux
ET FAMILLES,,
CENTRE DE MUSICOTHERAPIE DE LA GIRONDE,"0,00",Locaux
CENTRE DE PREVENTION ET DE LOISIRS DES JEUNES DE,"11 500,00",Locaux
BORDEAUX - CPLJ Bordeaux,,
CENTRE DE RECHERCHE ET D'INFORMATION POUR LE,"0,00",Locaux
DEVELOPPEMENT - CRID,,
CENTRE DE RESSOURCES D'ECOLOGIE PEDAGOGIQUE D'AQUITAINE,"1 300,00",Locaux
"- CREPAQ",,
CENTRE DE SOPHROLOGIE DYNAMIQUE DE BORDEAUX,"0,00",Locaux
CENTRE DE VOILE DE BORDEAUX-LAC,"8 200,00",Locaux
CENTRE DES ETUDES DE LA REPUBLIQUE DEMOCRATIQUE,"0,00",Locaux
CENTRE DES FESTIVALS FRANCE-RUSSIE,"0,00","Locaux, matériel pour manifestations"
CENTRE ENTREPRISE COMMUNICATION AVANCEE - CECA,"0,00",Matériel pour manifestations
CENTRE HA 32,"1 000,00",
CENTRE JEAN VIGO EVENEMENTS,"20 500,00","Communication, locaux, matériel pour manifestations"
CENTRE REGIONAL D'AQUITAINE D'ETUDES ET D'ACTIONS SUR LES,"0,00",Locaux
HANDICAPS ET LES INADAPTATIONS - CREAHI,,
CENTRE REGIONAL D'ECO-ENERGETIQUE D'AQUITAINE - CREAQ,"7 000,00",Locaux
CENTRE RENCONTRES ACTION CULTURELLE BEGLES-CREAC,"10 000,00",
CENTRE SOCIAL BAGATELLE DISPENSAIRE DE BAGATELLE,"14 800,00",
CENTRE SOCIAL ET FAMILIAL BORDEAUX NORD,"461 165,00","Locaux, équipements sportifs, matériel pour"
"",,manifestations
CERCLE ARTISTIQUE SAINT AUGUSTIN (CASA),"2 500,00",
CERCLE BORDELAIS DE SANTE (C.B.S.),"0,00",Locaux
CERCLE D'AIDE A LA VIE PAR LA VOIE SPIRITUELLE-FRANCE,"0,00",Locaux
CERCLE D'ETUDES ET DE CULTURE FRANÇAISES (CECF),"150,00",Locaux
CERCLE D'ETUDES RUSSES,"0,00",Locaux
CERCLE DES COIFFEURS CREATEURS,"0,00",Locaux
CERCLE DES ESCRIMEURS BORDELAIS (CEB),"0,00",Locaux
CERCLE JEAN BAPTISTE LYNCH,"0,00",Locaux
CERCLE OENOPHILE AQUITAIN,"0,00",Locaux
CERCLE PHILATELIQUE BORDEAUX AQUITAINE,"0,00",Locaux
CERCLE POLITEIA,"0,00",Locaux
CERCLE POLITZER,"0,00",Locaux
CHAHUTS,"57 500,00","Communication, locaux, matériel pour manifestations"
CHAMBRE PROFESSIONNELLE DES AGENTS COMMERCIAUX DU,"0,00",Locaux
SUD-OUEST,,
CHANT LIBRE,"800,00","Locaux, matériel pour manifestations"
CHANTE ECOLE,"800,00",
CHANTIERS TRAMASSET,"2 000,00",
CHEMIN DES ETOILES - CDE,"0,00",Matériel pour manifestations
CHEMINS DE VIES,"0,00",Locaux
CHEVRE FOOTBALL CLUB - CFC,"0,00",Equipements sportifs
CIE COIN TRANQUILLE-MANUELLA AZEVEDO,"1 500,00",
CIE L'ESPECE FABULATRICE,"3 000,00",
CIE LE SOLEIL BLEU,"32 500,00",
CIMADE - SERVICE OECUMENIQUE D'ENTRAIDE,"3 000,00",Locaux
CINERESEAUX,"0,00",Locaux
CIRQUE ECLAIR ECOLE CIRQUE D'AQUITAINE,"19 000,00",
CLAC,"0,00",Locaux
CLAIR-OBSCUR,"0,00",Locaux
CLAP SUD OUEST,"6 000,00",
CLUB 41 FRANCAIS BORDEAUX N° 110,"0,00",Locaux
CLUB 89,"0,00",Locaux
CLUB AFRIQUE EN PERSPECTIVES,"0,00",Locaux
CLUB ALPIN FRANCAIS DE BORDEAUX,"3 000,00","Locaux, matériel pour manifestations"
CLUB AMICAL CHAUFFOUR,"0,00",Equipements sportifs
CLUB ATHLETIQUE DU PORT AUTONOME DE BORDEAUX,"0,00",Equipements sportifs
CLUB ATHLETIQUE MUNICIPAL DE BORDEAUX - CAM,"243 834,00","Locaux, équipements sportifs, matériel pour"
"",,manifestations
CLUB BORDEAUX-CAMEROUN-FRANCE,"0,00",Locaux
"CLUB BORDELAIS DU CHOCOLAT ""CHOCO PASSION""","0,00",Locaux
CLUB BOULISTE ALBERT 1er,"0,00","Locaux, matériel pour manifestations"
CLUB D'ENTREPRISES BORDEAUX EURATLANTIQUE,"0,00",Matériel pour manifestations
CLUB D'ENTREPRISES MERIADECK,"1 500,00",
CLUB D'EXPLORATION SOUS MARINE D'AQUITAINE - CESMA,"0,00","Equipements sportifs, matériel pour manifestations"
CLUB D'ULTIMATE DE BORDEAUX - 33 TOURS,"0,00",Matériel pour manifestations
CLUB DE CANNE ET BATON D'AQUITAINE,"0,00",Equipements sportifs
CLUB DE LA PRESSE DE BORDEAUX,"0,00","Locaux, matériel pour manifestations"
CLUB DES ENTREPRISES DE BORDEAUX,"15 800,00",Matériel pour manifestations
CLUB DES PARISIENS DE BORDEAUX,"1 700,00",
CLUB DES RANDONNEURS DU PYLA ET DU BASSIN D'ARCACHON,"0,00",Locaux
CLUB ERASMUS ET MUNDUS,"0,00",Locaux
CLUB INDEPENDANT BORDELAIS,"0,00",Locaux
CLUB PETANQUE GRAND PARC,"1 000,00",Locaux
CLUB PHILOSOPHIQUE PENSEE ET AVENIR,"0,00",Locaux
"CLUB PYRENEES AQUITAINE, ASSOCIATION SPORTIVE, EDUCATIVE","634 600,00","Locaux, équipements sportifs, matériel pour"
ET CULTURELLE,,manifestations
CLUB REGIONAL DES ENTREPRISES POUR L'INSERTION DE,"5 000,00",
GIRONDE,,
CLUB SERVICES 33,"8 800,00",
CLUB « BON GOUT D'AQUITAINE »,"0,00",Communication
"COJEP BORDEAUX - CONSEIL POUR LA JUSTICE, L'EGALITE ET LA","0,00",Locaux
PAIX,,
COLIBRI 33,"0,00",Locaux
COLLECTIF 33 : LA SANTE UN DROIT POUR TOUS,"0,00",Locaux
COLLECTIF BORDEAUX-MARINOPOLE,"100,00",Locaux
COLLECTIF BTP,"500,00",
COLLECTIF DE RESSOURCES BORDEAUX-NORD,"28 000,00",Matériel pour manifestations
COLLECTIF DES ASSOCIATIONS D'OUTRE-MER EN AQUITAINE DIT,"0,00",Matériel pour manifestations
C.A.O.M.A.,,
COLLECTIF DES ORGANISATIONS DE SOLIDARITE INTERNATIONALE,"800,00",Locaux
ISSUES DES MIGRATIONS EN AQUITAINE (COSIM),,
COLLECTIF FETE DU JEU DE BORDEAUX,"1 000,00",Matériel pour manifestations
COLLECTIF GIRONDIN DES ASSOCIATIONS AUTOUR DE L'AUTISME,"0,00",Locaux
"(CG3A)",,
COLLECTIF INTERASSOCIATIF SANTE AQUITAINE (CISSA),"2 500,00",
COLLECTIF MIXERATUM ERGO SUM,"2 300,00","Locaux, matériel pour manifestations"
COLLECTIF OS'O,"11 000,00",
COLLECTIF PARENTS INDEPENDANTS COLLEGE EMILE COMBES,"800,00",
BORDEAUX,,
COLLEGE JACQUES ELLUL,"2 000,00",
COLORS INC,"0,00",Locaux
COMENFRANCE,"0,00",Locaux
COMITE ACTION PALESTINE,"0,00",Locaux
COMITE ANIMATION DU QUARTIER TONDU-CARREIRE,"1 000,00",
COMITE AQUITAIN DE L'ASSOCIATION FRANCAISE DES HEMOPHILES,"0,00",Locaux
COMITE BORDEAUX BRISTOL,"0,00","Locaux, matériel pour manifestations"
COMITE BORDEAUX SUD,"0,00",Locaux
"COMITE D'ANIMATION, DE BIENFAISANCE ET DE DEFENSE DES","0,00","Locaux, équipements sportifs, matériel pour"
INTERETS DU QUARTIER NANSOUTY,,manifestations
COMITE D'ETUDE ET D'INFORMATION SUR DROGUE (PREV. ET,"20 500,00","Locaux, équipements sportifs, matériel pour"
TRAITEMENT TOXICOMANIES ET AUTRES ADDICTIONS),,manifestations
COMITE DE BIENFAISANCE ET DE DEFENSE DES INTERETS DU,"2 000,00",Locaux
QUARTIER CAUDERAN-SUD,,
COMITE DE BIENFAISANCE ET DE DEFENSE DU QUARTIER SIMIOT,"1 000,00",
COMITE DE DEFENSE DES INTERETS DES HABITANTS DU,"0,00",Matériel pour manifestations
LOTISSEMENT JASMIN ET ANNEXES,,
COMITE DE DEFENSE DES TAXIS DE LA GIRONDE,"0,00",Locaux
"COMITE DE L'ACCOMPAGNEMENT DE L'URBANISME, DEFENSE","750,00",Matériel pour manifestations
ENVIRONNEMENT ET RESPECT DE LA SECURITE-CAUDERES,,
COMITE DE LIAISON DES ACTEURS DE LA PROMOTION DANS LE,"0,00",Locaux
SUD-OUEST - CLAP SUD-OUEST,,
COMITE DE QUARTIER BRACH VINCENNES,"1 600,00",
COMITE DE QUARTIER DANGUILHEM-EMILE ZOLA-BARRIERE DE,"500,00",
PESSAC,,
COMITE DE QUARTIER DE CAUDERAN - CQC,"0,00","Locaux, équipements sportifs"
COMITE DE QUARTIER MARECHAUX/POINCARE,"1 500,00",Locaux
COMITE DEPARTEMENTAL DE CYCLISME,"0,00",Matériel pour manifestations
COMITE DEPARTEMENTAL DE L'ASSOCIATION DE DEFENSE DES,"750,00",
MALADES INVALIDES ET HANDICAPES,,
COMITE DEPARTEMENTAL DE L'UNION FRANÇAISE DES OEUVRES,"0,00",Equipements sportifs
LAIQUES D'EDUCATION PHYSIQUE - UFOLEP,,
COMITE DEPARTEMENTAL DE L'UNION SPORTIVE DE,"0,00",Equipements sportifs
L'ENSEIGNEMENT DU PREMIER DEGRE DE LA GIRONDE - USEP 33,,
COMITE DEPARTEMENTAL DE NATATION DE LA GIRONDE,"0,00",Matériel pour manifestations
COMITE DEPARTEMENTAL DU SPORT ADAPTE DE LA GIRONDE,"0,00",Equipements sportifs
"(CDSA 33)",,
COMITE DEPARTEMENTAL OLYMPIQUE ET SPORTIF DE LA GIRONDE,"1 000,00",Matériel pour manifestations
"COMITE DES FETES DE BACALAN, BLANQUI ET CLAVEAU","1 000,00","Locaux, matériel pour manifestations"
COMITE DES FETES DE BIENFAISANCE ET DES INTERETS DE,"500,00",
ST-GENES TALENCE BORDEAUX,,
COMITE DES FETES ET DE BIENFAIS. DU QUARTIER NANSOUTY,"1 600,00",
COMITE FEMININ GIRONDE POUR LA PREVENTION ET LE DEPISTAGE,"1 000,00",Matériel pour manifestations
DES CANCERS,,
COMITE GIRONDIN D'ORGANISATION DU CONCOURS UN DES,"1 300,00",
MEILLEURS OUVRIERS DE FRANCE,,
COMITE GIRONDIN DE COURSE D'ORIENTATION,"0,00",Matériel pour manifestations
COMITE MIRABEAU BORDELAIS 2017,"0,00",Locaux
COMITE PALESTINE 33,"0,00","Locaux, matériel pour manifestations"
COMITE REGIONAL DES ASSOCIATIONS DE JEUNESSE ET,"0,00",Locaux
D'EDUCATION POPULAIRE AQUITAINE (CRAJEP AQUITAINE),,
COMITE REGIONAL HANDISPORT D'AQUITAINE,"0,00",Locaux
COMITE REGIONAL UFOLEP AQUITAINE,"8 000,00",
COMITE REPRESENTATIF DES IDENTITES SOURDES,"0,00","Locaux, matériel pour manifestations"
COMMANDERIE DU BONTEMPS MEDOC ET GRAVES - SAUTERNES ET,"0,00",Matériel pour manifestations
BARSAC,,
COMMERCANTS DE LA RUE DU TEMPLE,"2 635,00",
COMMERCANTS DU VILLAGE NANSOUTY,"3 917,00",
"COMMERCANTS, DES RIVERAINS ET SYMPATISANTS DU QUARTIER","1 728,00",
GAMBETTA,,
COMMUNAUTE CAMEROUNAISE DE BORDEAUX (CCB),"0,00",Locaux
COMMUNIC'ARTE,"0,00",Locaux
COMPAGNIE BIVOUAC,"3 000,00",
COMPAGNIE DES LIMBES,"3 500,00",
COMPAGNIE DES LUBIES,"8 000,00",
COMPAGNIE DES MARCHES DE L'ETE,"41 500,00","Communication, locaux, matériel pour manifestations"
COMPAGNIE DONC Y CHOCS,"0,00","Locaux, matériel pour manifestations"
COMPAGNIE ELVIRE 40,"0,00",Locaux
COMPAGNIE EN APARTE,"0,00",Locaux
COMPAGNIE FOND VERT,"6 000,00",
COMPAGNIE HORS SÉRIE,"5 000,00",
COMPAGNIE ILLICITE FABIO LOPEZ,"3 000,00",
COMPAGNIE INDIRA,"0,00",Locaux
COMPAGNIE JEANNE SIMONE,"2 000,00",
COMPAGNIE JEUNE TALENT,"0,00",Locaux
COMPAGNIE LE GRAIN,"6 000,00",
COMPAGNIE LEITMOTIV,"0,00","Locaux, matériel pour manifestations"
COMPAGNIE PAUL LES OISEAUX,"17 500,00",
COMPAGNIE PRESENCE MICHEL CAHUZAC,"11 380,00",Locaux
COMPAGNIE REG'ART,"3 000,00",
COMPAGNIE REVOLUTION,"0,00",Locaux
COMPAGNIE REVOLUTION DANCE,"23 000,00",
COMPAGNIE THEATRE L'OEIL DE LA LUCARNE,"17 000,00",
COMPAGNONS BATISSEURS AQUITAINE,"16 000,00",
COMPAGNONS DU TOUR FRANCE DES DEVOIRS UNIS,"2 100,00",
COMPETENCES EN TEMPS PARTAGE GUYENNE - CTP GUYENNE,"0,00",Locaux
COMPTOIR DE LA CULTURE BRESILIENNE,"0,00",Locaux
CONGRES ET EXPOSITIONS DE BORDEAUX,"40 000,00","Communication, matériel pour manifestations"
CONSEIL DEPARTEMENTAL DE LA GIRONDE,"0,00",Equipements sportifs
CONSEIL DEPARTEMENTAL DES ASSOCIATIONS FAMILIALES,"15 000,00",Locaux
LAIQUES DE LA GIRONDE - CDAFAL 33,,
CONSEIL DEPARTEMENTAL DES PARENTS D'ELEVES DES ECOLES,"500,00",Locaux
PUBLIQUES DE LA GIRONDE,,
CONSERVATOIRE DE LA LANGUE RUSSE ET DE SES FETES,"1 000,00",
TRADITIONNELLES,,
CONTACT AQUITAINE,"1 400,00",
CONTRÔLE Z AQUITAINE,"10 730,00",
CONVENTION DE LA DIASPORA GABONAISE,"0,00",Locaux
COOP ALPHA COOPERATIVE D'ACTIVITES ET D'EMPLOI 33,"1 500,00",
COORDINATION POUR PROMOUVOIR LES COMPETENCES ET LE,"0,00",Locaux
VOLONTARIAT AQUITAINE - CPCV AQUITAINE,,
CORP'ART FRANCE,"2 000,00",Matériel pour manifestations
COS VILLA PIA - EHPAD LES DAMES DE LA FOI,"115 000,00",Matériel pour manifestations
COULEUR COREE,"0,00",Locaux
COULEURS GARONNE,"11 176,00",
COUP DE POUCE AVENIR,"1 500,00","Locaux, matériel pour manifestations"
CREAF,"1 000,00",
CREASSEMBLE,"0,00",Locaux
CRESUS GIRONDE,"0,00",Locaux
CRISTINAREY,"0,00",Locaux
CROISSANT FERTILE,"0,00","Locaux, matériel pour manifestations"
CROIX DE GUERRE ET VALEUR MILITAIRE,"400,00",
CROIX ROUGE FRANÇAISE - DELEGATION LOCALE,"0,00",Locaux
CROUS DE BORDEAUX (CENTRE REGIONAL DES OEUVRES,"5 000,00",
UNIVERSITAIRES ET SCOLAIRES),,
CRYPSUM,"8 000,00",
CTE ETS SEXTANT AVIONIQUE,"0,00",Equipements sportifs
CULTIV'ACTIONS,"700,00",Locaux
CULTURE ET BIBLIOTHEQUES POUR TOUS,"0,00",Locaux
CULTURE HORS LIMITES,"1 000,00",
CULTURE-S,"0,00",Matériel pour manifestations
CULTURES DES ARTS CREOLES ET DU MONDE 33 (CACM33),"0,00",Locaux
CULTURES DU COEUR GIRONDE,"9 600,00",
D'ASQUES ET D'AILLEURS,"3 000,00",
D'SIGN,"0,00",Locaux
DANSE AVEC NOUS,"7 800,00","Communication, locaux, matériel pour manifestations"
DATCHA,"4 000,00",
DE VOLTES ET D'ASSAUTS,"0,00",Locaux
DEALERS DE SCIENCE,"0,00",Locaux
"DEFENSE DE LA LANGUE FRANCAISE, ASSOCIATION DE BORDEAUX","0,00",Locaux
DEFI,"8 000,00",
"DES JARDINS, DES VOISINS","1 200,00",Matériel pour manifestations
DES LOUPS DANS LES MURS,"950,00",
DHAGPO BORDEAUX,"0,00",Locaux
DIACONAT DE BORDEAUX,"30 000,00",Locaux
DISCO SOUPE,"0,00",Matériel pour manifestations
DISPARATE,"10 000,00",Locaux
DIVAN D'OUEST,"0,00",Locaux
DIVERSCITES,"0,00",Locaux
DIZGUYS,"500,00",
DLIBERETS,"0,00",Locaux
DOCUMENTS D'ARTISTES,"3 000,00",
DOJO,"0,00","Equipements sportifs, matériel pour manifestations"
DOULEURS SANS FRONTIERES - DSF,"0,00",Locaux
DRAG RACING TEAM - DRT,"0,00",Matériel pour manifestations
DRISSE,"4 000,00",
DROLE DE SCENE,"2 100,00",Locaux
DROP DE BETON,"9 500,00",Matériel pour manifestations
DU CHIEN DANS LES DENTS,"0,00",Locaux
DU SOLEIL DANS LES PIEDS,"0,00",Matériel pour manifestations
DUENDE ANDALUZ,"1 200,00",
DULCENE,"0,00","Locaux, matériel pour manifestations"
DV2G (THEATRE VICTOIRE),"0,00",Matériel pour manifestations
ECHANGE NORD-SUD,"1 534,00",
ECHIQUIER BORDELAIS,"0,00",Matériel pour manifestations
ECLATS,"27 000,00",Locaux
ECOLE CHINOISE DE BORDEAUX,"0,00",Locaux
"ECOLE DE CIRQUE DE BORDEAUX, CENTRE CULTUREL DES ARTS","46 500,00",Locaux
DU CIRQUE,,
ECOLE DES GRANDS-PARENTS EUROPEENS BORDEAUX-GIRONDE -,"0,00",Locaux
EGPE BORDEAUX-GIRONDE,,
ECOLE ESSENTIALISTE,"0,00",Locaux
ECOLE MUNICIPALE DE NATATION,"0,00",Equipements sportifs
ECOLE SUPERIEURE DE THEATRE BORDEAUX AQUITAINE - ESTBA,"109 834,00",
ECOM33,"4 000,00",
ECOUTE S'IL PLEUT,"0,00",Locaux
ECOUTER SON CORPS,"0,00","Locaux, équipements sportifs"
EINAI,"0,00",Locaux
EINSTEIN ON THE BEACH,"14 000,00",Locaux
EKLEKTIKK,"500,00",
ELLES CONNECT,"0,00",Locaux
ELLIPTIQUE DYNAMO,"4 000,00",
EMULATION NAUTIQUE DE BORDEAUX,"118 603,00","Locaux, équipements sportifs, matériel pour"
"",,manifestations
EN MARCHE,"0,00",Locaux
EN ROUTE POUR TRAVAILLER,"4 500,00",
ENDOFRANCE,"0,00",Locaux
ENFANCE ET FAMILLES D'ADOPTION DE LA GIRONDE - ASSOCIATION,"0,00",Locaux
DES FOYERS ADOPTIFS DE GIRONDE (EFA 33),,
ENQUETE,"1 410,00",
ENSEMBLE ORCHESTRAL MOLTO ASSAI,"1 000,00","Locaux, matériel pour manifestations"
ENSEMBLE OSKAR ALBERTO,"0,00",Locaux
ENSEMBLE PYGMALION,"31 000,00",
ENSEMBLE UN,"0,00","Locaux, matériel pour manifestations"
ENSEMBLE VOCAL DE BORDEAUX,"1 000,00",
ENSEMBLE VOCAL JUBILATE,"0,00",Locaux
ENSEMBLE VOCAL SAGITTARIUS,"3 000,00",
ENTENTE DES GENERATIONS POUR L’EMPLOI ET L’ENTREPRISE -,"2 000,00",Locaux
EGEE,,
ENTR-AUTRES,"14 800,00",
ENTRAIDE SCOLAIRE AMICALE (ESA),"0,00",Locaux
ENTREPRISE INTERMEDIAIRE DE PRODUCTION ET DE FORMATION -,"15 000,00",Locaux
EIPF,,
ENVOL D'AQUITAINE,"13 050,00","Locaux, équipements sportifs, matériel pour"
"",,manifestations
EQUIPE SAINT VINCENT BORDEAUX CENTRE,"4 000,00",
ESCALES LITTERAIRES BORDEAUX AQUITAINE,"185 000,00","Communication, locaux, matériel pour manifestations"
ESCAPADES 33,"0,00",Locaux
ESKUALDUNEN BILTZARRA - BORDELEKO ESKUAL ETXEA ou MAISON,"0,00","Equipements sportifs, matériel pour manifestations"
BASQUE DE BORDEAUX,,
ESPACE DECOUVERTE MADAGASCAR,"0,00",Locaux
ESPACE INTER HANDICAP EUROPEEN A HAUTEUR D'HOMME,"0,00",Locaux
ESPACES MARX AQUITAINE BORDEAUX GIRONDE EXPLORER,"0,00",Locaux
CONFRONTER INNOVER,,
ESPOIR 33,"0,00",Locaux
ESPRIT DE QUARTIER,"3 500,00","Locaux, matériel pour manifestations"
ESPRIT ETUDIANT-MONTESQUIEU,"0,00",Matériel pour manifestations
ESSPLICITE,"0,00",Locaux
ETUDIANTS MAROCAINS DE BORDEAUX - EMB,"500,00","Locaux, matériel pour manifestations"
ETUDIANTS MUSULMANS DE FRANCE BORDEAUX - EMF BORDEAUX,"0,00",Locaux
EUROFEEL,"700,00",
"EUROPEAN MENTORING & COACHING COUNCIL, L'ASSOCIATION","0,00",Locaux
EUROPEENNE DE COACHING,,
EURROM,"3 000,00",Locaux
EVEILLEZ LES BEBES,"210 000,00",
EXPLORER LE SENTIR,"0,00",Locaux
EXTRA,"2 200,00",
FAIS UN VOEU MAKE-A -WISH ® FRANCE,"0,00",Locaux
FAIT DE CI DE SOI,"0,00",Matériel pour manifestations
FAMILLES EN GIRONDE - FEDERATION DE LA GIRONDE,"15 500,00",Locaux
FC CARTES ET SERVICES,"0,00",Equipements sportifs
FEDE ALIENOR,"500,00",
FEDERATION ADDICTION,"0,00",Locaux
FEDERATION ADMR GIRONDE,"0,00",Locaux
FEDERATION DE LA GIRONDE POUR LA PECHE ET LA PROTECTION,"0,00",Locaux
MILIEU AQUATIQUE (FDAAPPMA DE LA GIRONDE),,
FEDERATION DE PSYCHANALYSE CONTEMPORAINE - FPC,"0,00",Locaux
FEDERATION DEPARTEMENTALE DU SECOURS POPULAIRE,"0,00","Locaux, matériel pour manifestations"
FRANCAIS,,
FEDERATION DES ASSOCIATIONS FAMILIALES CATHOLIQUES - AFC,"750,00",Locaux
FEDERATION DES DESIGNERS EN AQUITAINE (FDA),"0,00",Locaux
FEDERATION DES MANDATAIRES JUDICIAIRES INDEPENDANTS A,"0,00",Locaux
PROTECTION MAJEURS AQUITAINE (FMJI AQUITAINE),,
FEDERATION DES RADIOS ASSOCIATIVES DE LA GIRONDE - FEDERA,"1 000,00","Locaux, matériel pour manifestations"
33,,
FEDERATION DES SOCIETES CARNAVALESQUES DE,"16 000,00",Matériel pour manifestations
L'AGGLOMERATION BORDELAISE,,
FEDERATION FRANCAISE D'ATHLETISME,"5 000,00",
FEDERATION FRANCAISE DE NATATION,"0,00",Matériel pour manifestations
FEDERATION FRANCAISE DES PSYCHOLOGUES ET DE,"0,00",Locaux
PSYCHOLOGIE - FFPP,,
FEDERATION GIRONDINE DE GENEALOGIE - FGG,"0,00",Locaux
FEDERATION MUSULMANE DE LA GIRONDE,"0,00",Matériel pour manifestations
FEDERATION NATIONALE D'AIDE AUX INSUFFISANTS RENAUX,"0,00",Locaux
D'AQUITAINE - FNAIR AQUITANE,,
FEDERATION NATIONALE DES ANCIENS DES FORCES FRANCAISES,"2 000,00",
EN ALLEMAGNE ET EN AUTRICHE,,
FEDERATION NATIONALE DES SERVICES SOCIAUX SPECIALISES DE,"0,00",Locaux
PROTECTION DE L'ENFANCE - FN3S,,
FEDERATION POUR LA RECHERCHE SUR LE CERVEAU - CAMPAGNE,"0,00",Locaux
DU NEURODON 2004,,
FEDERATION REGIONALE DES DECORES DU TRAVAIL,"0,00","Locaux, matériel pour manifestations"
NOUVELLE-AQUITAINE (FRDT),,
FEDERATION REGIONALE DU SUD-OUEST DES CAMARADES DE,"800,00",
COMBAT,,
FEDERATION SOS RACISME GIRONDE-AQUITAINE,"2 000,00",Matériel pour manifestations
FEDERATION SYNDICALE UNITAIRE 33 - FSU 33,"0,00",Matériel pour manifestations
FEMMES INTERNATIONALES MURS BRISES,"0,00","Locaux, matériel pour manifestations"
FEMMES SOLIDAIRES DU LAC,"500,00",
FENETRE SUR RUE,"3 000,00",Matériel pour manifestations
FESTIVAL DES ARTS DE BORDEAUX,"402 000,00","Communication, locaux"
FISH AND SHOES,"0,00",Locaux
FITNESS FREESTYLE,"0,00",Locaux
FOIRE AUX PLAISIRS DE BORDEAUX,"0,00",Matériel pour manifestations
FONDA SUD-OUEST,"0,00",Locaux
FONDATION DU PATRIMOINE - DELEGATION AQUITAINE,"0,00",Matériel pour manifestations
FONDATION MAISON DE LA GENDARMERIE,"0,00",Locaux
FONDAUDEGEMENT VOTRE,"2 000,00",
FONDS REGIONAL D'ART CONTEMPORAIN - COLLECTION AQUITAINE,"15 000,00",Communication
FOOT BALL CLUB BORDEAUX AQUITAINE 33,"4 250,00",Equipements sportifs
FOOT LOISIRS DOCKERS DE BORDEAUX,"0,00","Locaux, équipements sportifs"
FOOTBALL CLUB DE LA PRESSE BORDELAISE,"0,00",Equipements sportifs
FOOTBALL CLUB DES GIRONDINS DE BORDEAUX - FCGB,"100 000,00",Equipements sportifs
FOOTBALL-CLUB BORDEAUX OCEAN,"0,00",Equipements sportifs
FOOTBALL-CLUB ROUGE,"0,00",Equipements sportifs
FORCE FEMMES,"0,00",Locaux
FORRO BORDEAUX,"0,00",Locaux
FORUM AVIGNON,"33 251,00",
FORUM DES CULTURES ET DES TRADITIONS,"0,00",Locaux
FOYER FRATERNEL,"426 565,00","Locaux, matériel pour manifestations"
FOYER SOCIO EDUCATIF SPORTIF COLLEGE BLANQUI,"500,00",
FOYER SOCIO-EDUCATIF DU COLLEGE ALAIN FOURNIER,"0,00",Locaux
FRANCE ALZHEIMER GIRONDE,"0,00",Locaux
FRANCE AMERIQUE LATINE COMITE BORDEAUX GIRONDE,"0,00",Locaux
FRANCE BENEVOLAT BORDEAUX GIRONDE,"3 000,00",Locaux
FRANCE PLUS GIRONDE,"0,00",Locaux
FRANCE PSORIASIS,"0,00",Locaux
France PARKINSON,"0,00",Locaux
"GABON, SOLIDARITE ET PAIX","0,00",Locaux
GARGANTUA,"0,00",Locaux
GASP'ART,"0,00",Locaux
GAZELLISSIMES,"0,00",Matériel pour manifestations
GEAR LOCKER,"0,00",Locaux
"GEM ""LES NEUROFESTIFS 33""","0,00",Locaux
GENEPI - GROUPEMENT ETUDIANT NATIONAL D'ENSEIGNEMENT,"500,00",
AUX PERSONNES INCARCEREES,,
GENERATIONS TAUZIN,"2 800,00",Locaux
GEOCACHING ET TOURISME EN AQUITAINE,"1 800,00",
GESTION DU CENTRE DE LOISIRS DE LA POSTE ALEMA,"334 000,00",
GIP CDAD 33,"1 000,00",
GIRONDE INFIRMES MOTEURS CEREBRAUX,"500,00",
GIRONDE ROUMANIE ECHANGES ET CULTURE,"0,00",Locaux
GIRONDINS DE BORDEAUX BASTIDE HANDBALL CLUB,"141 174,00","Locaux, équipements sportifs, matériel pour"
"",,manifestations
GIRONDINS DE BORDEAUX TIR,"0,00",Matériel pour manifestations
GLOB THEATRE,"115 000,00","Locaux, matériel pour manifestations"
GP INTENCITE CENTRE SOCIAL ET CULTUREL DU GRAND PARC,"492 222,00","Locaux, matériel pour manifestations"
GRAIN DE SABLE,"0,00",Locaux
GRAINES DE SOLIDARITE,"0,00",Matériel pour manifestations
GRANDIR ENSEMBLE,"5 500,00",Equipements sportifs
GROUPE 33,"4 000,00",
GROUPE ANAMORPHOSE,"16 000,00",
GROUPE ATTAC 33,"0,00",Locaux
GROUPE D'ACCOMPAGNEMENTS ET DE LOISIRS ADAPTÉS,"500,00",
GROUPE D'ETUDE POUR L'INSERTION SOCIALE DES PERSONNES,"0,00",Locaux
PORTEUSES D'UNE TRISOMIE 21 - GEIST 21,,
GROUPE LOCAL ACTION DES CHRETIENS POUR L'ABOLITION DE LA,"0,00",Locaux
TORTURE DE BORDEAUX,,
GROUPE PASSERELLE,"0,00","Communication, locaux"
GROUPE VOCAL ARPEGE DE BORDEAUX,"0,00","Locaux, matériel pour manifestations"
GROUPEMENT D'INTERET PUBLIC BORDEAUX MEDIATION,"190 000,00",
GROUPEMENT D'INTERET PUBLIC DE LA REUSSITE EDUCATIVE DE,"35 000,00",
BORDEAUX,,
GROUPEMENT DE BORDEAUX DES ANCIENS PORTE-DRAPEAUX,"1 000,00",
VOLONTAIRES REGION MILITAIRE DEFENSE AQUITAINE,,
"GROUPEMENT DES INTELLECTUELS, AVEUGLES OU AMBLYOPES","1 500,00",
GROUPEMENT DES RETRAITES EDUCATEURS SANS FRONTIERES -,"0,00",Locaux
GREF,,
GROUPEMENT POUR L'INSERTION DES HANDICAPES PHYSIQUES,"2 500,00",Locaux
D'AQUITAINE - GIHP AQUITAINE,,
GUYENNE HANDI-NAGES,"5 000,00",Equipements sportifs
GYMNASTIQUE VOLONTAIRE BORDEAUX BASTIDE,"0,00",Equipements sportifs
GYMNASTIQUE VOLONTAIRE BORDEAUX LOUCHEUR,"0,00",Locaux
GYMNASTIQUE VOLONTAIRE CHAUFFOUR,"0,00",Equipements sportifs
GYMNASTIQUE VOLONTAIRE LESCURE,"0,00",Equipements sportifs
GYMNASTIQUE VOLONTAIRE PERGOLA STEHELIN,"0,00","Locaux, équipements sportifs"
GYMNASTIQUE VOLONTAIRE QUARTIER ST NICOLAS,"0,00",Locaux
H NORD ECOQUARTIER DE BORDEAUX - H NORD,"0,00",Locaux
HABAD LOUBAVITCH BORDEAUX,"0,00",Matériel pour manifestations
HABITAT ET HUMANISME GIRONDE - HH33,"3 000,00",Locaux
HABITATS JEUNES SIMONE NOAILLES,"0,00",Matériel pour manifestations
HAITI EN VIE,"0,00",Locaux
HALEIWA,"0,00",Equipements sportifs
HALTE 33,"66 000,00",
HANDICAP INTERNATIONAL,"0,00",Matériel pour manifestations
HANDISPORT 33 AMICALE SPORTIVE DES HANDICAPES PHYSIQUES,"0,00",Locaux
D'AQUITAINE - ASHPA,,
HARMONIE STRETCH ET DETENTE,"0,00",Equipements sportifs
HISTOIRE(S) DE LA BASTIDE,"0,00",Locaux
HOCKEY GARONNE SPORT,"8 308,00","Locaux, équipements sportifs"
HORS BORD,"0,00",Matériel pour manifestations
ICRONOS,"0,00","Locaux, matériel pour manifestations"
IDEE D'ENSEMBLE,"1 500,00",
IDEH - INITIATIVES POUR LE DEVELOPPEMENT HUMAIN,"0,00",Locaux
ILOT DES MOTS,"0,00",Locaux
IMAD IBN ZIATEN POUR LA JEUNESSE ET LA PAIE,"300,00",
IMAGINA MUSIC,"4 500,00",Locaux
IMPACTS AQUITAINE,"7 000,00","Locaux, équipements sportifs"
INCITE - BORDEAUX CUB,"3 000,00",
INCROYABLES COMESTIBLES BORDEAUX,"500,00",
INCUBATEUR AU FEMININ BORDEAUX AQUITAINE,"21 000,00",
INFO SECTES AQUITAINE,"3 000,00",
INFODROITS,"12 000,00",
INNER WHEEL CLUB DE BORDEAUX MEDOC,"0,00",Locaux
INSTANCE REGIONALE D'EDUCATION ET DE PROMOTION SANTE,"0,00",Locaux
NOUVELLE-AQUITAINE (IREPS NOUVELLE-AQUITAINE),,
INSTANT LIBRE,"2 500,00",
INSTANTS BORDELAIS,"0,00",Matériel pour manifestations
INSTITUT BERGONIE,"0,00","Equipements sportifs, matériel pour manifestations"
INSTITUT DE FORMATION ET D'APPUI AUX INITIATIVES DE,"0,00",Locaux
DEVELOPPEMENT - IFAID AQUITAINE,,
INSTITUT DE JOURNALISME BORDEAUX AQUITAINE,"0,00",Equipements sportifs
INSTITUT DES AFRIQUES,"1 500,00",
INSTITUT DES CONDUITES ALIMENTAIRES (ICAL),"1 000,00",Matériel pour manifestations
INSTITUT DON BOSCO,"1 550,00",
INSTITUT FRANCAIS,"25 000,00",
INSTITUT FRANCAIS DE GEORGIE,"9 000,00",
INSTITUT MACONNIQUE D'AQUITAINE,"0,00",Locaux
INSTITUT MEDICO-PEDAGOGIQUE SAINT JOSEPH,"0,00",Equipements sportifs
INSTITUT REGIONAL DES SOURDS ET DES AVEUGLES - IRSA,"0,00",Matériel pour manifestations
INTENDANT DU LYCEE MICHEL MONTAIGNE,"800,00",
INTERLUDE,"478 850,00","Locaux, matériel pour manifestations"
INTERNATIONAL CLUB OF BORDEAUX (ICB),"700,00",Locaux
"IPPO (INFORMATION, PREVENTION, PROXIMITE, ORIENTATION)","24 500,00",Locaux
IRON SPORT BORDEAUX,"0,00",Equipements sportifs
ITAL'ICI,"0,00",Locaux
ITINERAIRES DES PHOTOGRAPHES VOYAGEURS,"14 000,00","Communication, locaux"
IUFN,"10 000,00",
J'ADORE CE QUE VOUS FAITES,"6 000,00",
JARDIN ET ECOTOURISME,"0,00",Locaux
JE CHERCHE UN JOB,"3 000,00",Locaux
JETER L'ENCRE,"0,00",Locaux
JEUNE ACADEMIE VOCALE D'AQUITAINE,"0,00",Locaux
JEUNE BALLET D AQUITAINE,"0,00","Locaux, matériel pour manifestations"
JEUNE CHAMBRE ECONOMIQUE DE BORDEAUX,"3 300,00",
JEUNES MUSULMANS DE LA GIRONDE - JMG,"4 000,00",Locaux
JEUNES SCIENCE BORDEAUX,"10 083,00","Locaux, matériel pour manifestations"
JUDO CLUB BACALANAIS,"3 000,00",Locaux
JUDO-CLUB GIRONDIN OMNISPORTS,"0,00",Equipements sportifs
KALINA'GO,"0,00",Locaux
KAN-KRA TEAM,"7 370,00",Equipements sportifs
KARAVAN BORDELAISE,"0,00",Locaux
KAZ ANANDA,"0,00",Locaux
KEEP A BREAST EUROPE FOUNDATION,"0,00",Locaux
KI E KI,"0,00",Locaux
KILOMBO KINTWADI,"0,00",Locaux
KINO SESSION,"2 000,00",Matériel pour manifestations
KPOP DANCE MOVE BORDEAUX - KDM BORDEAUX,"0,00",Locaux
KUNG-FU WUSHU ACADEMIE (KFWA),"0,00",Equipements sportifs
L'A COSMOPOLITAINE « COSMODANCE »,"500,00",Matériel pour manifestations
L'AGENCE CREATIVE,"9 000,00",Locaux
L'AGENCE DE GEOGRAPHIE AFFECTIVE,"2 000,00",Locaux
L'AIGLON CENTRE DE JEUNESSE,"1 700,00",
L'AMICALE DES CHINOIS DU SUD-OUEST (ADCSO),"0,00","Locaux, matériel pour manifestations"
L'ART HACHE SCENE,"3 000,00",
L'ASSOCIATION DES BISSAU-GUINEENS,"0,00",Locaux
L'ASSOCIATION SLAVE,"0,00",Matériel pour manifestations
L'ASSOS DIET,"0,00",Locaux
L'ATELIER BUDGETAIRE,"500,00",Locaux
L'ATELIER CHOREGRAPHIQUE,"0,00",Locaux
L'ATELIER DES BAINS DOUCHES,"4 000,00",
L'ATELIER REMUMENAGE,"16 000,00",Locaux
L'ATELIER VIDEO PIRATE,"0,00",Locaux
L'ATEUL,"0,00",Matériel pour manifestations
L'AUBERGE MUSICALE,"2 000,00",
L'AUTRE - ASSOCIATION DES ETUDIANTS EN ANTHROPOLOGIE,"0,00",Locaux
SOCIALE ET CULTURELLE,,
L'ENVERS,"8 000,00",
L'EPICERIE,"23 000,00",Locaux
L'ERE H,"0,00",Locaux
L'ESPRIT DU PIANO,"4 500,00","Communication, locaux"
L'ESTEY,"0,00",Locaux
L'ILE AUX OURSONS,"3 000,00",
L'INSTITUT BORDELAIS DE STYLISME MODELISME,"0,00",Matériel pour manifestations
L'OLYMPIQUE-CLUB BORDELAIS - OCB,"0,00",Equipements sportifs
L'ORANGEADE,"0,00",Matériel pour manifestations
L'OSTAU OCCITAN,"0,00",Matériel pour manifestations
L'OUMIGMAG,"10 000,00","Locaux, matériel pour manifestations"
L'OUTIL EN MAIN DE LA GIRONDE,"500,00",
L'OUVRE BOITE,"1 500,00",
L'OVERGROUND,"1 000,00",
LA BELLE ESTAMPE,"1 200,00","Locaux, matériel pour manifestations"
LA BOITE A JOUER,"22 000,00",
LA BOITE A SEL,"3 000,00",
LA CABANE A GRATTER,"3 200,00",Locaux
LA CAISSE A OUTILS,"57 005,00",
LA CHAMBRE BLEUE,"2 000,00",Matériel pour manifestations
LA CHEVRE NOIRE,"3 500,00",
LA CHIFFONE RIT,"6 000,00",
LA CIGOGNE,"0,00",Locaux
LA CIGOGNE DES CAPUS,"600,00",
LA CITE DU VIN,"50 000,00",
LA CLE DU QUAI,"0,00",Locaux
LA COMA,"13 000,00",
"LA COMPAGNIE ""LES FOUS DE LA RAMPE""","0,00",Locaux
LA COMPAGNIE BOUGRELAS,"8 000,00",
LA COMPAGNIE CHRONIQUE,"0,00",Locaux
LA COMPAGNIE DES FIGURES,"0,00",Locaux
LA COMPAGNIE DES PETITES SECOUSSES,"2 500,00",Locaux
LA COMPAGNIE GARONOTES,"0,00",Locaux
LA COUR DES ENFANTS,"0,00",Locaux
LA DAME A LA LICORNE,"0,00",Locaux
LA FABRIQUE POLA,"15 000,00","Locaux, matériel pour manifestations"
LA FLECHE DE BORDEAUX,"9 000,00","Locaux, équipements sportifs, matériel pour"
"",,manifestations
LA GALERIE EPHEMERE,"0,00",Locaux
LA GROSSE SITUATION,"2 000,00",
LA GYM SUEDOISE BORDEAUX,"0,00",Equipements sportifs
LA HALLE DES DOUVES,"80 000,00",Locaux
LA HOULETTE,"0,00",Matériel pour manifestations
LA MAIN A L’OREILLE,"0,00",Locaux
LA MAISON DE MARIE,"0,00",Matériel pour manifestations
LA MAISON DES FAMILLES DE BORDEAUX,"6 000,00",Locaux
LA MAISON DU DIABETE ET DE LA NUTRITION,"3 000,00",
LA MANIF POUR TOUS 33,"0,00",Locaux
LA MANNE EUROPE,"2 000,00","Locaux, matériel pour manifestations"
LA MANUFACTURE ATLANTIQUE,"198 000,00","Communication, locaux, matériel pour"
"",,"manifestations, matériel informatique"
LA MARGE ROUSSE,"2 000,00","Locaux, matériel pour manifestations"
LA MARMAILLE,"0,00",Locaux
LA MEMOIRE DE BORDEAUX METROPOLE,"56 105,00","Locaux, matériel informatique"
LA MOBYLETTE,"0,00",Locaux
LA NUIT VENUE,"3 000,00","Locaux, matériel informatique"
LA PARENTELE,"0,00",Matériel pour manifestations
LA PETITE PALUCHE,"3 000,00",
LA PLUME ET L'OREILLE,"0,00",Locaux
LA PORTE OUVERTE DE BORDEAUX,"800,00",Locaux
LA PREVENTION ROUTIERE,"2 500,00","Locaux, matériel pour manifestations"
LA RESERVE,"2 000,00",
LA REVERB',"500,00","Locaux, matériel pour manifestations"
LA RONDE DES QUARTIERS DE BORDEAUX,"119 100,00","Communication, locaux, matériel pour manifestations"
LA ROUTE DES VINS - ECOLE DE COMMERCE EUROPEENNE,"0,00",Equipements sportifs
LA TIERCE,"7 000,00",
LA TRIBALE DEMARCHE,"4 500,00",Matériel pour manifestations
LABE'ART,"0,00",Matériel pour manifestations
LAC 2 SPORTS SCOLAIRES,"420,00",
LACLE - LA MAISON DES PARENTS ET DES MINEURS,"0,00",Locaux
LADAPT LIGUE ADAPTATION DIMINUES PHYSIQUE AU TRAVAIL,"0,00",Locaux
LADIES' CIRCLE BORDEAUX 20,"0,00",Locaux
LAFEDERATION 33,"0,00",Locaux
LANGUES EN SCÈNE,"8 640,00",
LATINO MEX BORDEAUX,"0,00",Locaux
LAXMI GIRONDE,"0,00","Locaux, matériel pour manifestations"
LE 308,"14 000,00",
LE 4 DE BORDEAUX,"11 950,00","Locaux, matériel pour manifestations"
LE CAFE HISTORIQUE,"1 500,00",
LE CANNELE D'ADRESSES,"0,00",Matériel pour manifestations
LE CHAINON MANQUANT,"0,00",Matériel pour manifestations
LE CHOEUR DES ECLUSES,"800,00",Locaux
LE CHOEUR MELUSINE,"800,00",
LE CHOEUR VOYAGEUR,"0,00","Locaux, matériel pour manifestations"
LE COKTAIL,"8 000,00",
LE COURRIER DE BOVET,"500,00",
LE CRAYON PAPOTE,"1 000,00",
LE DESSOUS DES BALANCOIRES,"5 000,00",
LE FESTIN,"6 400,00","Locaux, matériel pour manifestations, matériel"
"",,informatique
LE GIROFARD,"7 500,00",Matériel pour manifestations
LE KFE DES FAMILLES,"18 800,00",Matériel pour manifestations
LE KIOSQUE CULTURE,"22 500,00",Locaux
LE LABO DES HISTOIRES section Sud-Atlantique,"0,00",Locaux
LE LABO DES LETTRES,"0,00",Locaux
"LE LABO, REVELATEUR D'IMAGES","4 634,00",Matériel pour manifestations
LE LYS ET LE LEOPARD,"0,00",Locaux
LE P'TIT BOUT DE QUARTIER,"0,00",Matériel pour manifestations
LE PAIN DE L'AMITIE,"5 000,00",
LE PETIT INSTITUT DE CHINE : ECOLE D'ARTS MARTIAUX ET,"0,00","Equipements sportifs, matériel pour manifestations"
CULTURE CHINOISE,,
LE POQUELIN THEATRE,"120,00","Locaux, matériel pour manifestations"
LE QUAI AUX LIVRES,"4 000,00",
LE RELAIS GIRONDE,"0,00",Matériel pour manifestations
LE SERVICE GAGNANT,"50 000,00",
LE SPORTING-CLUB DE LA BASTIDIENNE,"23 000,00","Locaux, équipements sportifs, matériel pour"
"",,manifestations
LE TERROIR,"400,00",
LE THEATRE DES EGREGORES,"0,00",Locaux
LEGATO CIE,"0,00",Locaux
LEO CLUB BORDEAUX INTERNATIONAL - LBI,"0,00",Locaux
LES 13 LUNES,"500,00",
LES AMIS AQUITAINS DES SEMAINES SOCIALES DE France,"0,00",Locaux
LES AMIS DE BORDEAUX-SUD,"0,00",Locaux
LES AMIS DE LA RUE KLEBER,"0,00",Locaux
LES AMIS DE LA TERRE GIRONDE,"0,00",Locaux
LES AMIS DE SAINTE GENEVIEVE (ASG),"1 800,00",Matériel pour manifestations
LES AMIS DE SUPERCOOP,"2 500,00",Locaux
LES AMIS DU GRAND THEATRE - OPERA DE BORDEAUX,"4 000,00","Locaux, matériel pour manifestations"
LES ANCIENS DE BACALAN CLAVEAU,"0,00","Locaux, matériel pour manifestations"
LES ANNALES DE L'ESPRIT,"0,00",Locaux
LES ARCHERS DE GUYENNE,"500,00","Equipements sportifs, matériel pour manifestations"
LES BLESSES MULTIPLES ET IMPOTENTS DE GUERRE SECTION DE,"500,00",
LA GIRONDE,,
LES BLOUSES ROSES,"800,00",
LES BORDELUCHES,"0,00",Locaux
LES BRUITS DE LA RUE,"0,00",Locaux
LES CAPRICES DE MARIANNE,"6 500,00",
LES CLOWNS STETHOSCOPES,"1 000,00",Matériel pour manifestations
LES COLCHIQUES DE CONDORCET,"1 200,00",Locaux
LES COQS ROUGES,"343 924,00","Equipements sportifs, matériel pour manifestations"
LES COQUELICOTS,"0,00",Locaux
LES COUCOUS,"0,00",Locaux
LES CYRANOS,"900,00",
LES DISQUES DU FENNEC,"5 000,00",
LES DOSSIERS D'AQUITAINE ET D'AILLEURS,"0,00",Matériel pour manifestations
LES ECHOS DU LAC,"2 250,00",
LES ENFANTS D'OSIRIS,"240 000,00",
LES ENTREPRENEURS ET DIRIGEANTS CHRETIENS,"0,00",Locaux
LES FEES PAPILLONS,"6 000,00",
LES FEES REIKI,"0,00",Locaux
LES FEES RUE,"0,00",Matériel pour manifestations
LES FILLES D'A COTE,"0,00",Locaux
LES FILS DU TONAIRES,"800,00",
LES GINKOBILOBIENS,"3 000,00",
LES GIRONDINS DE BORDEAUX,"132 000,00","Locaux, équipements sportifs, matériel pour"
"",,manifestations
LES GOUPILS,"0,00",Locaux
LES HABITANTS ET RIVERAINS DU QUARTIER SAINT-GENES-BOURSE,"0,00",Matériel pour manifestations
DU TRAVAIL - COSTEDOAT,,
LES IMPROVISATEURS ANONYMES,"0,00",Locaux
LES INDEPENDANTS PLASTICIENS DE BORDEAUX,"0,00",Locaux
LES INSTRUMENTS ANCIENS DE BORDEAUX,"0,00",Locaux
LES JARDINS D'AUJOURD'HUI,"29 750,00","Locaux, matériel pour manifestations"
LES JARDINS DE POINCARE,"500,00",
LES JEUNES DE SAINT AUGUSTIN - JSA,"892 663,00","Locaux, équipements sportifs, matériel pour"
"",,manifestations
LES JOIES HUMAINES,"0,00",Locaux
LES JOURNEES DE LA NUTRITION - JDLN,"1 500,00",
LES LEOPARDS DE GUYENNE,"14 000,00",Equipements sportifs
LES MORPHOGENISTES,"0,00",Locaux
LES MUSCLES BORDELAIS,"0,00",Equipements sportifs
LES P'TITS GRATTEURS,"9 000,00","Locaux, matériel pour manifestations"
LES PARENTS DE CAUDERAN,"205 000,00",
LES PETITS DEBROUILLARDS AQUITAINE,"54 201,00",Matériel pour manifestations
LES PETITS FRERES DES PAUVRES DE BORDEAUX,"2 800,00",Locaux
LES PETITS TRETEAUX,"0,00",Locaux
LES PINSONS,"0,00",Locaux
LES PRODUCTIONS DE L'ANGE,"0,00",Locaux
LES RIVERAINS DU STADE PROMIS,"0,00",Locaux
LES ROSES DE DAMAS,"0,00",Locaux
LES SURPRISES,"3 000,00",Locaux
LES VAILLANTS DE SAINT SEURIN,"0,00",Matériel pour manifestations
LES VIVRES DE L'ART,"9 500,00",Matériel pour manifestations
LES Z'ARPETES,"0,00",Matériel pour manifestations
LESBIAN & GAY PRIDE BORDEAUX DITE AUSSI LGP BORDEAUX,"0,00",Matériel pour manifestations
LETTRES DU MONDE,"11 500,00","Communication, locaux"
LIBER LANGUE CULTURE CREATION,"741,00",
LIBRE PENSEE,"0,00",Locaux
LICHORE,"0,00",Locaux
LIGUE CONTRE LE CANCER,"0,00","Locaux, matériel pour manifestations"
LIGUE D'AQUITAINE DE HANDBALL,"0,00",Matériel pour manifestations
LIGUE D'AQUITAINE DE VOLLEY BALL,"0,00",Matériel pour manifestations
LIGUE DE L'ENSEIGNEMENT,"3 000,00","Locaux, matériel pour manifestations"
LIGUE FRANÇAISE POUR LA DEFENSE DROITS DE L'HOMME ET DU,"0,00",Locaux
CITOYEN (LDH) ET LIGUE DROITS DE L'HOMME,,
LIGUE INTERNATIONALE CONTRE LE RACISME ET L'ANTISEMITISME -,"9 000,00",Matériel pour manifestations
SECTION BORDEAUX & GIRONDE - LICRA,,
LIGUE NATIONAL DE RUGBY,"0,00",Equipements sportifs
LIONS BORDEAUX SAINT AUGUSTIN,"0,00","Locaux, matériel pour manifestations"
LIONS CLUB BORDEAUX - EUROPE - DISTRICT 103 SUD-OUEST,"0,00","Locaux, matériel pour manifestations"
LIONS CLUB BORDEAUX LE BOUSCAT,"0,00",Locaux
LIONS CLUB BORDEAUX RIVE-GAUCHE,"0,00",Matériel pour manifestations
LIONS CLUB BORDEAUX TOURNY,"0,00","Locaux, matériel pour manifestations"
LIONS CLUB DE BORDEAUX LA FAYETTE,"0,00",Matériel pour manifestations
LIONS-CLUB DE BORDEAUX CAUDERAN,"0,00",Matériel pour manifestations
LOGEA,"7 000,00",
LOS TREINTA Y TRES,"0,00","Locaux, matériel pour manifestations"
LOUONS L'ETERNEL,"0,00",Locaux
LUCILANN,"200 000,00",
LUDOLUDIK,"4 500,00",Matériel pour manifestations
LUNA D'AIGA,"0,00",Locaux
LUPUS DE FRANCE,"0,00",Locaux
LYSIAS-BORDEAUX,"400,00",
L’ASSOCIATION POUR LE MAINTIEN DE L’AGRICULTURE PAYSANNE,"0,00",Locaux
"DITE ""L’AMAP CAUDERANAISE""",,
MA PTITE MAM ECOLO,"4 000,00",
MACCABI SPORTS DE BORDEAUX,"0,00","Equipements sportifs, matériel pour manifestations"
MADE IN MOVEMENT,"0,00",Locaux
MAGIK'HOPITAL AQUITAINE,"1 000,00",
MAGNETOGRAMMES ASSOCIATION,"0,00",Locaux
MAIRES RESPONSABLES METROPOLES FRANCOPHONES - AIMF,"50 000,00",
MAISON ACCUEIL ET INFORMATION 33,"300,00",
MAISON CULTURELLE COREENNE DE BORDEAUX,"1 800,00",
MAISON D'ALGERIE EN AQUITAINE,"0,00","Locaux, matériel pour manifestations"
"MAISON DE L'EMPLOI, DE L'INSERTION ECONOMIQUE ET DE","678 000,00",
L'ENTREPRISE DE BORDEAUX,,
MAISON DE L'EUROPE BORDEAUX-AQUITAINE (MEBA),"56 000,00",Locaux
MAISON DE L'INITIATIVE ET DE L'ENTREPRENEURIAT - MIE,"12 000,00",Matériel pour manifestations
MAISON DE LA NATURE ET DE L'ENVIRONNEMENT,"0,00",Locaux
MAISON DE NOLAN,"46 000,00",
MAISON DE SANTE PROTESTANTE DE BORDEAUX BAGATELLE,"5 000,00",
MAISON DES ADOLESCENTS DE LA GIRONDE,"14 653,49","Locaux, matériel pour manifestations"
MAISON DES FEMMES DE BORDEAUX,"6 000,00","Locaux, matériel pour manifestations"
MAISON DES JEUNES ET DE LA CULTURE CENTRE DE LOISIRS DES,"110 350,00",Matériel pour manifestations
DEUX VILLES - MJC CL2V,,
MAISON DES METIERS DE L'IMPRIMERIE,"0,00",Locaux
MAISON DES SOURDS DE LA GIRONDE - MS 33,"0,00",Locaux
MAISON DUPEUX,"1 500,00",Matériel pour manifestations
MAITRISE DE BX PETITS CHANTEURS DE BORDEAUX,"1 700,00",
MAJ,"0,00",Locaux
MAM LES LUCIOLES,"4 500,00",
MAM'OURS,"0,00",Matériel pour manifestations
MANA,"35 500,00","Locaux, matériel pour manifestations"
MANDORA,"6 000,00","Locaux, matériel pour manifestations"
MANTA PLONGEE,"0,00",Equipements sportifs
MARATHON JOB EUROPA,"0,00",Matériel pour manifestations
"MAROC, DEVOIRS ET DROITS","0,00",Matériel pour manifestations
MASCARETS,"29 000,00","Locaux, matériel pour manifestations"
MAWA DE GIRONDE,"0,00",Locaux
MBOLO ASSOCIATION DES GABONAIS DE LA GIRONDE,"0,00",Locaux
MEDECINS DU MONDE,"3 000,00","Locaux, matériel pour manifestations"
MEDIATHEQUE DES MALADES DES HOPITAUX DE BORDEAUX,"2 500,00",
MELTING SIGNES,"0,00",Locaux
MEMOIRES ET PARTAGES,"2 000,00",
MENSA AQUITAINE,"0,00",Locaux
MERCI GERTRUDE,"5 500,00",Matériel pour manifestations
MHIGE INSEEC - MISSION INTER GRANDES ECOLES DE L'INSEEC,"0,00",Matériel pour manifestations
MIGRATIONS CULTURELLES AQUITAINE - AFRIQUES (MC2A),"37 500,00","Locaux, matériel pour manifestations, matériel"
"",,informatique
MINE DE RIEN,"0,00","Locaux, matériel pour manifestations"
MIRAIL INFORMATIQUE,"0,00",Matériel pour manifestations
MISSION LOCALE BORDEAUX AVENIR JEUNES,"494 000,00","Locaux, matériel pour manifestations"
MIX COLOR UNITED - M.C.U.,"800,00",
MOI NON PLUS,"2 500,00",Locaux
MONOQUINI,"17 528,00",
MONTS ET MERVEILLES,"7 800,00",Locaux
MOTO CLUB HEXAGON BORDEAUX,"0,00",Locaux
MOTS ET MATIERES(S),"0,00",Locaux
MOUVEMENT ATD QUART MONDE,"10 000,00","Locaux, matériel pour manifestations"
MOUVEMENT AUTONOME DE DETOURNEMENT EURISTIQUE (MADE),"4 000,00",
MOUVEMENT DU 8 OCTOBRE,"4 000,00",
MOUVEMENT ETUDIANT REPUBLICAIN POUR LE DEBAT ET,"800,00",Locaux
L'ENGAGEMENT,,
MOUVEMENT EUROPEEN FRANCE-GIRONDE,"0,00",Locaux
MOUVEMENT FRANCAIS POUR LE PLANNING FAMILIAL -,"2 000,00",Locaux
ASSOCIATION DEPARTEMENTALE DE LA GIRONDE,,
MUSIC'S COOL,"0,00",Locaux
MUSICA IN CATHEDRA,"0,00",Locaux
MUSIQUE MUNICIPALE,"0,00",Equipements sportifs
MUSIQUES DE NUIT - DIFFUSION,"40 700,00","Communication, matériel pour manifestations"
MUSIQUES EN ROUTE,"0,00",Locaux
MY KARTEL,"0,00",Matériel pour manifestations
N'A QU'UN OEIL,"17 000,00",
NACAO PALMARES CAPOEIRA DE BORDEAUX,"0,00",Equipements sportifs
NEW BASKET ATTITUDE,"10 000,00",Equipements sportifs
NIRE LAGUNA THOMAS,"0,00",Matériel pour manifestations
NOS REVES PRODUCTIONS,"4 000,00",
NOTRE DAME DE BARRAILS,"0,00",Locaux
NOTRE ITALIE,"0,00",Locaux
NOUS CITOYENS,"0,00",Locaux
NOUS VOULONS LIRE !,"0,00",Locaux
NOUVEAU COMITE FOIRE AUX PLAISIRS,"0,00",Communication
NOUVELLE DONNE,"0,00",Locaux
NUAGE BLEU,"130 000,00",Locaux
O SOL DE PORTUGAL,"20 686,00",
O'PTIMÔMES LOISIRS,"170 592,00",
OBLIC SOLUTION,"500,00",
OBSERVATOIRE DE L'IMMOBILIER D'ENTREPRISE BX METROPOLE,"2 000,00",
OCCE DE LA GIRONDE,"865,00",
OCCS,"0,00",Locaux
OCTANDRE,"0,00","Locaux, matériel pour manifestations"
"OFFICE AQUITAIN DE RECHERCHES, ETUDES, INFORMATION ET","200,00",Locaux
LIAISON SUR PROBLEMES PERSONNES AGEES-OAREIL,,
OFFICE ARTISTIQUE DE REGION AQUITAINE,"0,00",Matériel informatique
OFFICIERS DE RESERVE,"0,00",Locaux
OGEC ECOLE SPECIA ST FERDINAND,"1 000,00",
OGEC LYCEE BEL ORME,"120 000,00",
OGEC SAINTE THERESE,"1 500,00",
OKIWI,"0,00",Locaux
OLA,"4 000,00",
OMEGA ZELLES,"600,00",
ONG QUISHUAR,"0,00",Locaux
OPERA BASTIDE,"0,00",Locaux
OPERA PAGAI,"14 000,00",
OPTIMISATION MEMOIRE,"600,00",
OPUS 33,"0,00",Locaux
ORGAN PHANTOM,"27 000,00","Locaux, matériel pour manifestations, matériel"
"",,informatique
ORGANISATION SOCIO-CULTURELLE DE BORDEAUX IV OSB IV,"0,00",Matériel pour manifestations
ORIGAMI,"2 500,00",
OSEZ LE FEMINISME 33 !,"0,00",Locaux
"OSONS, ICI ET MAINTENANT (OIM)","1 000,00","Locaux, matériel pour manifestations"
OUI A LA VIE,"0,00",Locaux
OUVRE LE CHIEN (DANS L'IMMEDIAT),"22 500,00",
OZIMAGES,"2 500,00",
P'TIT BOUT'CHOU,"567 000,00",Matériel pour manifestations
PALLIAQUITAINE,"0,00",Locaux
PARALLELES ATTITUDES DIFFUSION - ROCKSCHOOL,"237 000,00","Locaux, matériel pour manifestations, matériel"
"",,informatique
PARRAINAGE 33,"1 000,00","Locaux, matériel pour manifestations"
PART-AGE,"1 800,00",
PARTI OUVRIER INDEPENDANT DEMOCRATIQUE DE LA GIRONDE -,"0,00",Locaux
POID33,,
PASSERELLES ET COMPETENCES,"0,00",Locaux
PAUPIETTE,"1 650,00",
PAUSE-CAFE,"0,00",Locaux
PENA FLAMENCA COPAS Y COMPAS,"0,00",Locaux
PENA MADRIDISTA DE BORDEAUX,"0,00",Equipements sportifs
PENSION DE FAMILLE,"2 000,00",Locaux
PEP'S BAND,"700,00",
PERCEPTA - TAI CHI CHUAN ET DEVELOPPEMENT PERSONNEL,"0,00",Equipements sportifs
PERES & FILS RUGBY 33,"0,00","Equipements sportifs, matériel pour manifestations"
PERMANENCES DE LA LITTERATURE,"10 000,00","Communication, matériel informatique"
PETANQUE BACALANAISE,"0,00","Locaux, matériel pour manifestations"
PETANQUE CLUB EMILE COMBES,"0,00",Locaux
PETANQUE REPUBLIQUE,"800,00",
PETANQUE-CLUB DES TROIS,"500,00","Locaux, matériel pour manifestations"
PETITES SOEURS DES PAUVRES,"1 500,00",Matériel pour manifestations
PEUPLES SOLIDAIRES,"0,00",Locaux
PHENIX DE BELCIER,"0,00",Locaux
PHENIX ECOUTE ET PAROLES,"2 500,00",Locaux
PHILOSPHERES,"1 000,00",Locaux
PHOTO CLUB DE BORDEAUX,"0,00",Locaux
PICTUR'ART,"0,00",Locaux
PLAN INTERNATIONAL FRANCE - PLAN FRANCE,"0,00",Locaux
PLANETE BORDEAUX,"0,00",Matériel pour manifestations
PLATEFORME AQUITAINE DE COMMERCE EQUITABLE - PLACE,"0,00",Matériel pour manifestations
PLENI'OM,"0,00",Locaux
PLUME PALETTE,"4 000,00",
POINT DE FUITE,"3 000,00",Matériel pour manifestations
POINT RENCONTRE DE BORDEAUX,"0,00",Locaux
POKER SOURDS BORDEAUX,"500,00",
"POLAR EN CABANES - LES AMIS DE CHESTER HIMES EN AQUITAINE,","1 000,00",Communication
A ARCACHON ET SUR LE BASSIN (ACHAAB),,
POLE D'ENSEIGNEMENT SUPERIEUR DE LA MUSIQUE ET DE LA,"357 672,00",Locaux
DANSE DE BORDEAUX AQUITAINE - PESMD,,
POLE MAGNETIC,"21 350,00","Locaux, matériel pour manifestations"
POLIFONIA ELIANE LAVAIL,"0,00",Locaux
POLSKIE BORDEAUX,"0,00",Locaux
POLYCAP 33,"0,00",Locaux
POMME D'API,"3 800,00",
POP PROJECT,"150,00",
"POUR UN COMMERCE ETHIQUE DE L'ART, RENCONTRES, TOURISME","0,00","Locaux, matériel pour manifestations"
"- PUCEART",,
POUR UN SOURIRE D'ENFANT AQUITAINE,"0,00",Locaux
PRISME,"0,00",Locaux
PROF'APA,"0,00",Equipements sportifs
PROJETS HORS LES MURS - PHM,"0,00",Matériel pour manifestations
PROMETHEE,"0,00",Locaux
PROMO-FEMMES SAINT MICHEL,"31 500,00",Locaux
PROXIMA CENTAURI,"10 000,00",
QUATUORS A BORDEAUX,"35 000,00","Communication, locaux, matériel pour manifestations"
QUETZALCOATL,"0,00",Locaux
R'2 JEUX (RECYCLAGE DE JEUX),"1 500,00",
RACING CLUB DE BORDEAUX METROPOLE,"22 000,00","Equipements sportifs, matériel pour manifestations"
RADIO CHU,"0,00",Locaux
RASSEMBLEMENT DU PEUPLE SOUVERAIN POUR UNE FRANCE,"0,00",Locaux
INDEPENDANTE ET UNE REPUBLIQUE SOCIALE,,
REBATIR LA FRANCE,"0,00",Locaux
RECHERCHES ET SOLIDARITES,"9 520,00",
RECREATION INFORMATIQUE TECHNIQUE ARTS APPLIQUES,"900,00",
RECUP'R,"7 100,00",Matériel pour manifestations
REG'ARTS D'AILLEURS,"0,00",Matériel pour manifestations
REGGAE SUN SKA,"0,00",Matériel pour manifestations
REGIE DE QUARTIER HABITER BACALAN,"51 000,00",Locaux
RELAIS AMICAL MALAKOFF MEDERIC BORDEAUX AQUITAINE,"0,00","Locaux, matériel pour manifestations"
RENAISSANCE DE L'ORGUE A BORDEAUX,"6 000,00","Locaux, matériel pour manifestations"
RESEAU AQUITAIN DES MUSIQUES ACTUELLES - RAMA,"0,00",Locaux
RESEAU AQUITAIN DEVELOPPEMENT SOLIDARITE INTERNATIONALE,"29 985,00",
RESEAU D'ECHANGES INTERCULTURELS,"2 000,00",
RESEAU ENTREPRENDRE AQUITAINE,"10 000,00",Matériel pour manifestations
RESEAU FRANCAIS SUR L’ENTENTE DE VOIX (REV FRANCE),"0,00",Locaux
RESEAU PAUL BERT CENTRE SOCIAL ET CULTUREL,"64 000,00",
RESEAUX ADOS GIRONDE,"0,00",Locaux
RESTAURANTS DU COEUR - RELAIS DU COEUR DE LA GIRONDE,"10 000,00",Locaux
RESTONS CALMES ! (DANS LA DIGNITE),"600,00","Locaux, matériel pour manifestations"
RICOCHET SONORE,"9 750,00","Locaux, matériel pour manifestations"
RIVE DROITE 2000,"0,00",Matériel pour manifestations
ROLLER DERBY BORDEAUX CLUB,"0,00",Locaux
ROSE ATTITUDE BORDEAUX,"0,00",Equipements sportifs
ROTARY CLUB DE BORDEAUX-OUEST,"0,00",Locaux
ROTARY-CLUB DE BORDEAUX-SUD,"0,00","Locaux, matériel pour manifestations"
RUE BOUFFARD - ASSOCIATION DES COMMERCANTS,"6 182,00",
RUELLE (RELAIS URBAIN D'ECHANGES ET DE LUTTE CONTRE,"2 000,00",Locaux
L'EXPLOITATION),,
RUGBYTOTS,"800,00",Equipements sportifs
S.A.D.I. QUARTIER BORDEAUX SAINT GENES,"650,00",
SAAPERLIPOPETTE,"0,00","Locaux, matériel pour manifestations"
SACREE MARMAILLE,"3 000,00",
SAINT AUGUSTIN 2015,"3 700,00","Locaux, matériel pour manifestations"
SAINT CHRISTOLY GIE,"4 400,00",
SAINT MARTIN BORDEAUX CULTURAL CONNECTIONS,"0,00",Locaux
SALAM,"0,00",Locaux
SASP FOOTBALL CLUB DES GIRONDINS DE BORDEAUX,"0,00",Matériel pour manifestations
SASP JSA BORDEAUX METROPOLE,"280 000,00",Matériel pour manifestations
SASP UNION BORDEAUX BEGLES,"450 000,00",Matériel pour manifestations
SAVATE BOXE FRANÇAISE DE BORDEAUX - SBFB,"2 000,00",Equipements sportifs
"SCELMAA SOUTIEN, CULTURE ET LOISIRS DES MAGHREBINS,","2 000,00",
ALGERIENS EN AQUITAINE,,
SCOUTS ET GUIDES DE FRANCE - Section de Tarbes,"0,00",Locaux
SCRIPT,"3 500,00",
SE CANTO BASTIDE,"0,00",Locaux
SECOURS CATHOLIQUE-CARITAS FRANCE (DELEGATION DE LA,"0,00","Locaux, matériel pour manifestations"
GIRONDE),,
SECUCAF BORDEAUX FOOTBALL D'ENTREPRISE,"0,00",Equipements sportifs
SEMER LE DOUTE,"73 250,00","Communication, locaux, matériel pour"
"",,"manifestations, matériel informatique"
SERVICE DEPARTEMENTAL D'INCENDIE ET DE SECOURS DE LA,"0,00",Matériel pour manifestations
GIRONDE,,
SERVICE UNIVERSITAIRE DES ACTIVITES PHYSIQUES ET SPORTIVES,"0,00",Equipements sportifs
"(SUAPS)",,
SEW & LAINE,"9 980,00","Locaux, matériel pour manifestations"
SIDACTION,"0,00",Communication
SKIN JACKIN BORDEAUX,"4 000,00",
SLAPZINE,"1 000,00",
SMART COMPAGNIE,"2 000,00",Locaux
SOCIETE ARCHEOLOGIQUE DE BORDEAUX,"16 770,00",Locaux
SOCIETE ASTRONOMIQUE DE BORDEAUX,"300,00",
SOCIETE BORDELAISE D'AQUARELLE,"0,00",Locaux
SOCIETE D'ENTRAIDE DE LA MEDAILLE MILITAIRE 12EME SECTION,"500,00",
DE BORDEAUX,,
SOCIETE D'ENTRAIDE DES MEMBRES DE LA LEGION D'HONNEUR,"0,00",Locaux
COMITE DE BORDEAUX SECTEUR CAUDERAN,,
SOCIETE D'HISTOIRE DE BORDEAUX,"0,00",Locaux
"SOCIETE D'HORTICULTURE, D'ARBORICULTURE ET DE VITICULTURE","2 500,00",Locaux
DE CAUDERAN,,
SOCIETE DE GEOGRAPHIE DE BORDEAUX,"0,00",Locaux
SOCIETE DE PHILOSOPHIE DE BORDEAUX,"300,00",
SOCIETE DE SAINT-VINCENT-DE-PAUL - CONSEIL DEPARTEMENTAL,"9 500,00",Locaux
DE LA GIRONDE,,
SOCIETE DES AMIS DU MUSEE DES BEAUX-ARTS DE BORDEAUX,"0,00",Locaux
SOCIETE DES BIBLIOPHILES DE GUYENNE,"0,00",Locaux
SOCIETE DES COMPAGNONS DU TOUR DE France DU DEVOIR,"0,00",Locaux
EGALITAIRE - CHAMBRE COMPAGNONALE DE BORDEAUX,,
SOCIETE DES FETES CAUDERANAISES,"0,00",Locaux
SOCIETE DES MEILLEURS OUVRIERS DE FRANCE GROUPE DE LA,"2 100,00",
GIRONDE,,
SOCIETE DES NEUROSCIENCES,"0,00",Locaux
SOCIETE HISTORIQUE DE BORDEAUX,"2 000,00",
SOCIETE PHILOMATHIQUE DE BORDEAUX,"10 000,00",Locaux
SOCIETE SYMPHONIQUE DE BORDEAUX-CAUDERAN,"0,00",Equipements sportifs
SOLIDARITE ANAIS JEROME EVENEMENTIEL - SAJE,"200,00",Matériel pour manifestations
SOLIDARITE BAYTI,"1 500,00",
SOLIDARITE-LOGEMENT BORDEAUX-BOULEVARDS,"0,00",Locaux
"SOLIHA, SOLIDAIRES POUR L'HABITAT, GIRONDE","73 900,00",Locaux
SOMATO-PSYCHO-PEDAGOGIE EN AQUITAINE,"0,00",Locaux
SONG LONG BORDEAUX,"0,00",Equipements sportifs
SOS AMITIE - REGION DE BORDEAUX AQUITAINE,"2 500,00",Locaux
SOS PLACE GAMBETTA,"0,00",Locaux
"SOUTIEN, CULTURE ET LOISIRS DES MAGHREBINS ET ALGERIENS","0,00","Locaux, matériel pour manifestations"
EN AQUITAINE - SCELMAA,,
SPECIAL OLYMPICS FRANCE (SOF),"0,00",Matériel pour manifestations
SPHERE CPP BORDEAUX,"0,00",Matériel pour manifestations
SPORTING CHANTECLER BORDEAUX NORD LE LAC,"1 128 560,00","Locaux, équipements sportifs, matériel pour"
"",,manifestations
STADE BASTIDE BORDEAUX BENAUGE - S3B,"10 000,00","Locaux, équipements sportifs"
STADE BORDELAIS ASPTT,"819 458,00","Locaux, équipements sportifs, matériel pour"
"",,manifestations
STAGIAIRES ET ETUDIANTS AFRICAINS EN FRANCE,"1 000,00",
STELLA MONTIS,"0,00",Matériel pour manifestations
STOP AND GO DANCE 33,"0,00",Equipements sportifs
SUKHALI - AIDE AU DEVELOPPEMENT LOCAL PAR LES FEMMES AU,"0,00",Locaux
SENEGAL,,
SUR MESURE,"4 000,00",
SURF INSERTION,"19 000,00",
SURFRIDER FOUNDATION EUROPE SIEGE,"2 000,00",
SURVIE GIRONDE,"0,00",Locaux
SWINGTIME BORDEAUX,"2 000,00","Locaux, matériel pour manifestations"
"SYNDICAT DES QUARTIERS BELCIER, CARLE VERNET","0,00",Matériel pour manifestations
T.E.A. TIME - TALENTUEUX EMOTIFS ANONYMES,"0,00",Matériel pour manifestations
TANGO BORDEAUX,"0,00","Locaux, matériel pour manifestations"
TANGO HOY,"0,00",Locaux
TANGO MILONGUERO BORDEAUX,"0,00",Locaux
TANGO NOMADE,"0,00","Locaux, équipements sportifs"
TASHI DELEK BORDEAUX ASSOCIATION GIRONDINE POUR LE TIBET,"0,00",Locaux
TATHATA- VRINDHAM AQUITAINE,"0,00",Locaux
TCHERNOBLAYE,"0,00",Locaux
TEMPS DE PAROLE ASSOCIATION SANTE ET SECURITE,"0,00",Locaux
PROFESSIONNELLES,,
TENNIS CLUB BORDEAUX BASTIDE,"3 000,00",Equipements sportifs
TENNIS CLUB DE BORDEAUX,"0,00","Locaux, matériel pour manifestations"
TERANGA,"0,00",Locaux
TERANUI TAHITI,"0,00",Locaux
TERIYA,"0,00",Locaux
TERRA FEES,"0,00",Matériel pour manifestations
TERRE ET OCEAN,"10 000,00",Locaux
THEATR'ACTION,"0,00",Locaux
THEATRE DE L'ESCALE,"0,00","Locaux, matériel pour manifestations"
THEATRE DES TAFURS,"0,00",Locaux
THEATRE DU PONT TOURNANT,"52 250,00",
THEATRE EN MIETTES,"2 000,00",
THEATRE FEMINA,"0,00",Matériel pour manifestations
THEATRE NATIONAL DE BORDEAUX EN AQUITAINE - TNBA,"1 646 816,00","Communication, locaux"
THEATRE POPULAIRE JOB,"8 000,00",Locaux
THEATRE-EDUCATION-AQUITAINE,"0,00",Locaux
THEATRIUM,"0,00",Locaux
THIANT GUI,"0,00",Locaux
THOTH CIVILISATION SANS FRONTIERES,"0,00",Locaux
TIMELESS BALLET,"3 000,00",Matériel informatique
TOMBES DU CIEL,"6 500,00",
TOOBORDO,"2 200,00",Locaux
TOURING PEDESTRE BORDELAIS,"0,00",Locaux
TOUT ART FAIRE,"1 000,00",Locaux
TRACE UNE DIAGONALE,"0,00",Locaux
TRADOBORDELEAU,"0,00",Locaux
TRAFIC,"25 000,00",
TRANSFERT,"32 987,75","Communication, locaux, matériel pour manifestations"
TRANZIT KREOL,"0,00",Locaux
TRAUMATISES CRANIENS ASSISTANCE,"0,00","Locaux, matériel pour manifestations"
TRAVAUX PUBLICS COMPAGNIE,"12 000,00",
TREMPLIN UTC,"0,00",Locaux
TRETEAUX DE GUYENNE,"500,00",
TRISOMIE 21 GIRONDE,"500,00",
TUTTI,"6 500,00",
U-TOPOS,"400,00",
ULCR,"0,00",Locaux
ULTRAS BB,"0,00",Locaux
UNICEF,"0,00",Locaux
UNION ALCOOLIQUES ANONYMES,"0,00",Locaux
UNION AU DEVELOPPEMENT AFRICAIN - UDA,"0,00",Locaux
UNION BORDEAUX METROPOLE - UBM,"83 680,00","Locaux, équipements sportifs"
UNION BORDEAUX NORD DES ASSOCIATIONS DE PREVENTION,"7 800,00",
SPECIALISEE,,
UNION COOP DE LA PAGE BLANCHE,"0,00",Equipements sportifs
UNION DEPARTEMENTALE CFDT DE LA GIRONDE,"0,00",Matériel pour manifestations
UNION DEPARTEMENTALE CONSOMMATION LOGEMENT ET CADRE,"6 800,00",
DE VIE,,
UNION DEPARTEMENTALE DE LA CONFEDERATION SYNDICALE DES,"2 500,00",
FAMILLES EN GIRONDE,,
UNION DEPARTEMENTALE DES ASSOCIATIONS DE COMBATTANTS,"8 000,00",
ET VICTIMES DE GUERRE DE LA GIRONDE (UDAC),,
UNION DEPARTEMENTALE DES ASSOCIATIONS FAMILIALES - UDAF,"1 500,00",Locaux
UNION DEPARTEMENTALE DES CADRES DE LA GIRONDE,"15 000,00",
UNION DEPARTEMENTALE DES SOUS-OFFICIERS EN RETRAITE DE,"400,00",
LA GIRONDE (UDSOR),,
UNION DES ASSOCIATIONS POUR UNE MAISON DES SOURDS UAMS,"500,00",
33,,
UNION DES AVEUGLES ET DEFICIENTS VISUELS,"0,00",Matériel pour manifestations
UNION DES TRAVAILLEURS IVOIRIENS DE FRANCE - UTIF,"0,00",Locaux
UNION FRANCAISE SANTE BUCCO-DENTAIRE 33,"6 100,00",
UNION GENERALE SPORTIVE DE L'ENSEIGNEMENT LIBRE DE LA,"0,00",Matériel pour manifestations
GIRONDE,,
"UNION GIRONDINE DES RETRAITES MILITAIRES, ANCIENS","0,00",Locaux
MILITAIRES ET DE LEURS CONJOINTS (URM 33),,
UNION LIBRE 2016,"2 000,00",
UNION NATIONALE DE FAMILLES ET AMIS DE PERSONNES MALADES,"500,00",
UNION NATIONALE DES AMIS ET FAMILLES DE MALADES,"0,00",Locaux
PSYCHIQUES - UNAFAM,,
UNION NATIONALE DES COMBATTANTS DE BORDEAUX RIVE-DROITE,"400,00",Matériel pour manifestations
"- UNC",,
UNION NATIONALE DES COMBATTANTS DE,"700,00",Locaux
BORDEAUX-CAUDERAN-LE BOUSCAT (UNC),,
UNION NATIONALE DU SPORT SCOLAIRE - DIRECTION REGIONALE,"0,00","Equipements sportifs, matériel pour manifestations"
UNION REGIONALE D'AQUITAINE DE L'UNION EUROPEENNE,"900,00",Locaux
FEMININE SECTION FRANÇAISE,,
UNION REGIONALE DES INGENIEURS ET DES SCIENTIFIQUES,"1 500,00",Locaux
D'AQUITAINE - URISA,,
UNION REGIONALE PACT HABITAT ET DEVELOPPEMENT DE LA,"0,00",Locaux
REGION AQUITAINE,,
UNION SAINT JEAN - MAISON DE QUARTIER,"879 983,00","Locaux, équipements sportifs, matériel pour"
"",,manifestations
UNION SAINT-BRUNO,"1 537 650,00","Locaux, équipements sportifs, matériel pour"
"",,manifestations
UNION SPORTIVE JEUNES DE SAINT-AUGUSTIN - CLUB,"19 500,00",Matériel pour manifestations
PYRENEES-AQUITAINE (US JSA-CPA),,
UNION SPORTIVE LES CHARTRONS,"896 350,00","Locaux, équipements sportifs, matériel pour"
"",,manifestations
UNION SPORTIVE VILLENAVAISE CYCLISME,"3 500,00",
UNIS CITE,"105 000,00","Locaux, matériel pour manifestations"
UNISPHERES,"4 000,00",
UNIVERSEUL,"0,00",Matériel pour manifestations
UNIVERSITE BORDEAUX MONTAIGNE BORDEAUX III - BIBLIOTHEQUE,"0,00",Matériel pour manifestations
FRANCO-ALLEMANDE (BIFA),,
UNIVERSITE DE BORDEAUX,"3 500,00","Equipements sportifs, matériel pour manifestations"
UNIVERSITE POPULAIRE DE BORDEAUX - UPB,"0,00",Locaux
UNIVERSITE SCIENCES TECHNOLOGIES LILLE 1 - CUEEP,"5 000,00",
URBAN VIBRATIONS SCHOOL,"28 500,00","Locaux, matériel pour manifestations"
URPS - AQUITAINE,"0,00",Locaux
USEP ECOLE PRIMAIRE LAC 1,"1 300,00",
USEP ELEMENTAIRE FLORNOY,"2 450,00",
UTOPIA,"0,00",Locaux
"V'INSEEC BORDEAUX, VINS ET SPIRITUEUX","0,00",Matériel pour manifestations
VA K BAND,"0,00",Locaux
VACANCES ANIMATION LOISIRS TOURISME DE LA GIRONDE,"0,00",Locaux
VACANCES TOURISME FAMILLES - VTF,"0,00",Locaux
VAHINE ORA,"0,00",Locaux
VARIANCE MELODIE,"0,00",Locaux
VELO CITE,"5 394,00",Matériel pour manifestations
VELOPHONIE,"1 000,00",
VENUS,"21 500,00",
VERY CHEAP PRODUCTION,"6 500,00",
VIE ET TRAVAIL A BORDEAUX BACALAN,"500,00",Locaux
VIE LIBRE,"500,00",Locaux
VILLA 88,"0,00",Matériel pour manifestations
VILLA PRIMROSE,"119 000,00","Communication, équipements sportifs, matériel pour"
"",,manifestations
VILLAGE D'AUDEGE,"0,00",Matériel pour manifestations
VILLAGE DE LA GROSSE CLOCHE,"8 300,00",Matériel pour manifestations
VISIONS CROISEES,"0,00",Locaux
VISIONS PARTAGEES,"0,00",Locaux
VISITE DES MALADES DANS LES ETABLISSEMENTS HOSPITALIERS,"0,00",Locaux
DU DEPARTEMENT DE LA GIRONDE - VMEH,,
VIVONS LA BASTIDE,"800,00","Locaux, matériel pour manifestations"
VIVRE A CAUDERAN,"6 900,00",Matériel pour manifestations
VIVRE AVEC - SOLIDARITES INTERGENERATIONNELLES,"3 000,00",Locaux
VIVRE COMME AVANT,"0,00",Locaux
VOCATION SOCIOLOGUE,"0,00",Matériel pour manifestations
VOLONTAIRES BORDEAUX 98,"3 400,00",
VOVINAM VIET VO DAO-CLUB DE BORDEAUX,"0,00",Equipements sportifs
WEJOB,"0,00",Locaux
WIMOOV,"5 000,00",
WISE,"0,00",Equipements sportifs
WOUXIA CLAN,"0,00",Equipements sportifs
YA DLA JOIE ET DL'EMPLOI (YDLJE),"0,00",Locaux
YAKAFAUCON,"17 000,00","Locaux, matériel pour manifestations"
YAWATA ASSOCIATION DES ECHANGES DE PROCEDES,"13 000,00",Matériel pour manifestations
ARTISTIQUES,,
YOBALEMA,"0,00","Locaux, matériel pour manifestations"
YOGA ET YOGA,"0,00",Locaux
YOGALBEDO,"0,00",Locaux
YOGHINY,"0,00",Equipements sportifs
ZANSHIN CLUB,"0,00",Equipements sportifs
ZEBRA 3,"23 000,00",Locaux
ZEKI,"9 000,00",
"Ô PLAFOND","4 300,00",Matériel pour manifestations
Entreprises,,
Personnes physiques,,
Autres,,
Personnes de droit public,,
Etat,,
Régions,,
Départements,,
Communes,,
"Etablissements publics (EPCI, EPA, EPIC,...)",,
BORDEAUX METROPOLE,"5 000,00",
ECOLE D'ENSEIGNEMENT SUPÉRIEUR D'ART DE BORDEAUX - ESAB,"3 120 000,00",
FONDATION D'AUTEUIL AQUITAINE,"52 500,00",Locaux
FOYER SOCIO-EDUCATIF HORTICOLE,"7 000,00",
GRAND PORT MARITIME DE BORDEAUX,"7 600,00",
LYCEE PROFESSIONNEL JEHAN DUPERIER,"16 628,76",
LYCEE VITICOLE-CFPPA CHATEAU DILLON (EPLEFPA),"15 920,46",
OPERA NATIONAL DE BORDEAUX,"16 167 670,00",
RESEAU CANOPE SITE DE POITIERS - CNDP,"82,00",
Autres,,
CCAS DE BORDEAUX,"7 912 204,00",
CHAMBRE DES METIERS DE LA GIRONDE,"10 536,77",
INSTITUT D'ETUDES POLITIQUES SCIENCES PO,"13 000,00",
